-- phpMyAdmin SQL Dump
-- version 5.2.1
-- https://www.phpmyadmin.net/
--
-- Host: 127.0.0.1
-- Generation Time: Jul 22, 2025 at 03:34 PM
-- Server version: 10.4.32-MariaDB
-- PHP Version: 8.0.30

SET SQL_MODE = "NO_AUTO_VALUE_ON_ZERO";
START TRANSACTION;
SET time_zone = "+00:00";


/*!40101 SET @OLD_CHARACTER_SET_CLIENT=@@CHARACTER_SET_CLIENT */;
/*!40101 SET @OLD_CHARACTER_SET_RESULTS=@@CHARACTER_SET_RESULTS */;
/*!40101 SET @OLD_COLLATION_CONNECTION=@@COLLATION_CONNECTION */;
/*!40101 SET NAMES utf8mb4 */;

--
-- Database: `spk_jasa_pengiriman`
--

-- --------------------------------------------------------

--
-- Table structure for table `alternatives`
--

CREATE TABLE `alternatives` (
  `id` int(11) NOT NULL,
  `code` varchar(20) NOT NULL,
  `name` varchar(100) NOT NULL,
  `created_at` timestamp NOT NULL DEFAULT current_timestamp()
) ENGINE=InnoDB DEFAULT CHARSET=utf8mb4 COLLATE=utf8mb4_general_ci;

--
-- Dumping data for table `alternatives`
--

INSERT INTO `alternatives` (`id`, `code`, `name`, `created_at`) VALUES
(1, 'A1', 'gw', '2025-06-19 09:28:14'),
(2, 'A2', 'thoriq', '2025-06-19 09:30:09'),
(3, 'A3', 'Ekal', '2025-06-19 09:30:19'),
(4, 'A4', 'Ean', '2025-06-19 09:30:28'),
(5, 'A5', 'Ikin', '2025-06-19 09:30:38'),
(7, 'A6', 'mupidah', '2025-06-19 11:09:33');

-- --------------------------------------------------------

--
-- Table structure for table `criteria`
--

CREATE TABLE `criteria` (
  `id` int(11) NOT NULL,
  `code` varchar(10) NOT NULL,
  `name` varchar(100) NOT NULL,
  `weight` decimal(5,2) NOT NULL,
  `type` enum('benefit','cost') NOT NULL,
  `created_at` timestamp NOT NULL DEFAULT current_timestamp()
) ENGINE=InnoDB DEFAULT CHARSET=utf8mb4 COLLATE=utf8mb4_general_ci;

-- --------------------------------------------------------

--
-- Table structure for table `ekspedisi`
--

CREATE TABLE `ekspedisi` (
  `id_ekspedisi` int(11) NOT NULL,
  `nama_ekspedisi` varchar(100) NOT NULL
) ENGINE=InnoDB DEFAULT CHARSET=utf8mb4 COLLATE=utf8mb4_general_ci;

--
-- Dumping data for table `ekspedisi`
--

INSERT INTO `ekspedisi` (`id_ekspedisi`, `nama_ekspedisi`) VALUES
(1, 'Lion Parcel'),
(2, 'J&T Express');

-- --------------------------------------------------------

--
-- Table structure for table `harga_pengiriman`
--

CREATE TABLE `harga_pengiriman` (
  `id_harga` int(11) NOT NULL,
  `id_kecamatan` int(11) DEFAULT NULL,
  `id_layanan` int(11) DEFAULT NULL,
  `minimal_berat_kg` decimal(5,2) NOT NULL,
  `maksimal_berat_kg` decimal(6,2) NOT NULL,
  `harga_awal` decimal(7,2) UNSIGNED NOT NULL,
  `tambahan_per_kg` decimal(10,4) DEFAULT NULL
) ENGINE=InnoDB DEFAULT CHARSET=utf8mb4 COLLATE=utf8mb4_general_ci;

--
-- Dumping data for table `harga_pengiriman`
--

INSERT INTO `harga_pengiriman` (`id_harga`, `id_kecamatan`, `id_layanan`, `minimal_berat_kg`, `maksimal_berat_kg`, `harga_awal`, `tambahan_per_kg`) VALUES
(322, 1, 1, 1.00, 50.00, 69000.00, 69000.0000),
(323, 2, 1, 1.00, 50.00, 69000.00, 69000.0000),
(324, 3, 1, 1.00, 50.00, 69000.00, 69000.0000),
(325, 4, 1, 1.00, 50.00, 69000.00, 69000.0000),
(326, 5, 1, 1.00, 50.00, 69000.00, 69000.0000),
(327, 6, 1, 1.00, 50.00, 69000.00, 69000.0000),
(328, 7, 1, 1.00, 50.00, 69000.00, 69000.0000),
(329, 8, 1, 1.00, 50.00, 69000.00, 69000.0000),
(330, 9, 1, 1.00, 50.00, 69000.00, 69000.0000),
(331, 10, 1, 1.00, 50.00, 69000.00, 69000.0000),
(332, 11, 1, 1.00, 50.00, 69000.00, 69000.0000),
(333, 12, 1, 1.00, 50.00, 69000.00, 69000.0000),
(334, 1, 2, 3.00, 10.00, 83000.00, 23000.0000),
(335, 2, 2, 3.00, 10.00, 83000.00, 23000.0000),
(336, 3, 2, 3.00, 10.00, 83000.00, 23000.0000),
(337, 4, 2, 3.00, 10.00, 83000.00, 23000.0000),
(338, 5, 2, 3.00, 10.00, 83000.00, 23000.0000),
(339, 6, 2, 3.00, 10.00, 83000.00, 23000.0000),
(340, 7, 2, 3.00, 10.00, 83000.00, 23000.0000),
(341, 8, 2, 3.00, 10.00, 83000.00, 23000.0000),
(342, 9, 2, 3.00, 10.00, 83000.00, 23000.0000),
(343, 10, 2, 3.00, 10.00, 83000.00, 23000.0000),
(344, 11, 2, 3.00, 10.00, 83000.00, 23000.0000),
(345, 12, 2, 3.00, 10.00, 83000.00, 23000.0000),
(346, 1, 4, 1.00, 50.00, 49500.00, 49500.0000),
(347, 2, 4, 1.00, 50.00, 49500.00, 49500.0000),
(348, 3, 4, 1.00, 50.00, 49500.00, 49500.0000),
(349, 4, 4, 1.00, 50.00, 49500.00, 49500.0000),
(350, 5, 4, 1.00, 50.00, 49500.00, 49500.0000),
(351, 6, 4, 1.00, 50.00, 49500.00, 49500.0000),
(352, 7, 4, 1.00, 50.00, 49500.00, 49500.0000),
(353, 8, 4, 1.00, 50.00, 49500.00, 49500.0000),
(354, 9, 4, 1.00, 50.00, 49500.00, 49500.0000),
(355, 10, 4, 1.00, 50.00, 49500.00, 49500.0000),
(356, 11, 4, 1.00, 50.00, 49500.00, 49500.0000),
(357, 12, 4, 1.00, 50.00, 49500.00, 49500.0000),
(358, 1, 6, 1.00, 50.00, 69000.00, 69000.0000),
(359, 2, 6, 1.00, 50.00, 69000.00, 69000.0000),
(360, 3, 6, 1.00, 50.00, 69000.00, 69000.0000),
(361, 4, 6, 1.00, 50.00, 69000.00, 69000.0000),
(362, 5, 6, 1.00, 50.00, 69000.00, 69000.0000),
(363, 6, 6, 1.00, 50.00, 69000.00, 69000.0000),
(364, 7, 6, 1.00, 50.00, 69000.00, 69000.0000),
(365, 8, 6, 1.00, 50.00, 69000.00, 69000.0000),
(366, 9, 6, 1.00, 50.00, 69000.00, 69000.0000),
(367, 10, 6, 1.00, 50.00, 69000.00, 69000.0000),
(368, 11, 6, 1.00, 50.00, 69000.00, 69000.0000),
(369, 12, 6, 1.00, 50.00, 69000.00, 69000.0000),
(370, 1, 7, 1.00, 1000.00, 49000.00, 49000.0000),
(371, 2, 7, 1.00, 1000.00, 49000.00, 49000.0000),
(372, 3, 7, 1.00, 1000.00, 49000.00, 49000.0000),
(373, 4, 7, 1.00, 1000.00, 49000.00, 49000.0000),
(374, 5, 7, 1.00, 1000.00, 49000.00, 49000.0000),
(375, 6, 7, 1.00, 1000.00, 49000.00, 49000.0000),
(376, 7, 7, 1.00, 1000.00, 49000.00, 49000.0000),
(377, 8, 7, 1.00, 1000.00, 49000.00, 49000.0000),
(378, 9, 7, 1.00, 1000.00, 49000.00, 49000.0000),
(379, 10, 7, 1.00, 1000.00, 49000.00, 49000.0000),
(380, 11, 7, 1.00, 1000.00, 49000.00, 49000.0000),
(381, 12, 7, 1.00, 1000.00, 49000.00, 49000.0000),
(382, 1, 8, 1.00, 1000.00, 60500.00, 60500.0000),
(383, 2, 8, 1.00, 1000.00, 60500.00, 60500.0000),
(384, 3, 8, 1.00, 1000.00, 60500.00, 60500.0000),
(385, 4, 8, 1.00, 1000.00, 60500.00, 60500.0000),
(386, 5, 8, 1.00, 1000.00, 60500.00, 60500.0000),
(387, 6, 8, 1.00, 1000.00, 60500.00, 60500.0000),
(388, 7, 8, 1.00, 1000.00, 60500.00, 60500.0000),
(389, 8, 8, 1.00, 1000.00, 60500.00, 60500.0000),
(390, 9, 8, 1.00, 1000.00, 60500.00, 60500.0000),
(391, 10, 8, 1.00, 1000.00, 60500.00, 60500.0000),
(392, 11, 8, 1.00, 1000.00, 60500.00, 60500.0000),
(393, 12, 8, 1.00, 1000.00, 60500.00, 60500.0000),
(394, 1, 10, 1.00, 9.00, 99999.99, 8400.0000),
(395, 2, 10, 1.00, 9.00, 99999.99, 8400.0000),
(396, 3, 10, 1.00, 9.00, 99999.99, 8400.0000),
(397, 4, 10, 1.00, 9.00, 99999.99, 8400.0000),
(398, 5, 10, 1.00, 9.00, 99999.99, 8400.0000),
(399, 6, 10, 1.00, 9.00, 99999.99, 8400.0000),
(400, 7, 10, 1.00, 9.00, 99999.99, 8400.0000),
(401, 8, 10, 1.00, 9.00, 99999.99, 8400.0000),
(402, 9, 10, 1.00, 9.00, 99999.99, 8400.0000),
(403, 10, 10, 1.00, 9.00, 99999.99, 8400.0000),
(404, 11, 10, 1.00, 9.00, 99999.99, 8400.0000),
(405, 12, 10, 1.00, 9.00, 99999.99, 8400.0000),
(406, 1, 10, 10.00, 1000.00, 0.00, 28500.0000),
(407, 2, 10, 10.00, 1000.00, 0.00, 28500.0000),
(408, 3, 10, 10.00, 1000.00, 0.00, 28500.0000),
(409, 4, 10, 10.00, 1000.00, 0.00, 28500.0000),
(410, 5, 10, 10.00, 1000.00, 0.00, 28500.0000),
(411, 6, 10, 10.00, 1000.00, 0.00, 28500.0000),
(412, 7, 10, 10.00, 1000.00, 0.00, 28500.0000),
(413, 8, 10, 10.00, 1000.00, 0.00, 28500.0000),
(414, 9, 10, 10.00, 1000.00, 0.00, 28500.0000),
(415, 10, 10, 10.00, 1000.00, 0.00, 28500.0000),
(416, 11, 10, 10.00, 1000.00, 0.00, 28500.0000),
(417, 12, 10, 10.00, 1000.00, 0.00, 28500.0000),
(449, 13, 1, 1.00, 50.00, 69000.00, 69000.0000),
(450, 14, 1, 1.00, 50.00, 69000.00, 69000.0000),
(451, 15, 1, 1.00, 50.00, 69000.00, 69000.0000),
(452, 16, 1, 1.00, 50.00, 69000.00, 69000.0000),
(453, 17, 1, 1.00, 50.00, 69000.00, 69000.0000),
(454, 18, 1, 1.00, 50.00, 69000.00, 69000.0000),
(455, 19, 1, 1.00, 50.00, 69000.00, 69000.0000),
(456, 20, 1, 1.00, 50.00, 69000.00, 69000.0000),
(457, 21, 1, 1.00, 50.00, 69000.00, 69000.0000),
(458, 13, 2, 3.00, 10.00, 83000.00, 23000.0000),
(459, 14, 2, 3.00, 10.00, 83000.00, 23000.0000),
(460, 15, 2, 3.00, 10.00, 83000.00, 23000.0000),
(461, 16, 2, 3.00, 10.00, 83000.00, 23000.0000),
(462, 17, 2, 3.00, 10.00, 83000.00, 23000.0000),
(463, 18, 2, 3.00, 10.00, 83000.00, 23000.0000),
(464, 19, 2, 3.00, 10.00, 83000.00, 23000.0000),
(465, 20, 2, 3.00, 10.00, 83000.00, 23000.0000),
(466, 21, 2, 3.00, 10.00, 83000.00, 23000.0000),
(467, 13, 4, 1.00, 50.00, 49500.00, 49500.0000),
(468, 14, 4, 1.00, 50.00, 49500.00, 49500.0000),
(469, 15, 4, 1.00, 50.00, 49500.00, 49500.0000),
(470, 16, 4, 1.00, 50.00, 49500.00, 49500.0000),
(471, 17, 4, 1.00, 50.00, 49500.00, 49500.0000),
(472, 18, 4, 1.00, 50.00, 49500.00, 49500.0000),
(473, 19, 4, 1.00, 50.00, 49500.00, 49500.0000),
(474, 20, 4, 1.00, 50.00, 49500.00, 49500.0000),
(475, 21, 4, 1.00, 50.00, 49500.00, 49500.0000),
(476, 13, 6, 1.00, 50.00, 69000.00, 69000.0000),
(477, 14, 6, 1.00, 50.00, 69000.00, 69000.0000),
(478, 15, 6, 1.00, 50.00, 69000.00, 69000.0000),
(479, 16, 6, 1.00, 50.00, 69000.00, 69000.0000),
(480, 17, 6, 1.00, 50.00, 69000.00, 69000.0000),
(481, 18, 6, 1.00, 50.00, 69000.00, 69000.0000),
(482, 19, 6, 1.00, 50.00, 69000.00, 69000.0000),
(483, 20, 6, 1.00, 50.00, 69000.00, 69000.0000),
(484, 21, 6, 1.00, 50.00, 69000.00, 69000.0000),
(485, 13, 7, 1.00, 1000.00, 56000.00, 56000.0000),
(486, 14, 7, 1.00, 1000.00, 56000.00, 56000.0000),
(487, 15, 7, 1.00, 1000.00, 56000.00, 56000.0000),
(488, 16, 7, 1.00, 1000.00, 56000.00, 56000.0000),
(489, 17, 7, 1.00, 1000.00, 56000.00, 56000.0000),
(490, 18, 7, 1.00, 1000.00, 56000.00, 56000.0000),
(491, 19, 7, 1.00, 1000.00, 56000.00, 56000.0000),
(492, 20, 7, 1.00, 1000.00, 56000.00, 56000.0000),
(493, 21, 7, 1.00, 1000.00, 56000.00, 56000.0000),
(494, 13, 8, 1.00, 1000.00, 67500.00, 67500.0000),
(495, 14, 8, 1.00, 1000.00, 67500.00, 67500.0000),
(496, 15, 8, 1.00, 1000.00, 67500.00, 67500.0000),
(497, 16, 8, 1.00, 1000.00, 67500.00, 67500.0000),
(498, 17, 8, 1.00, 1000.00, 67500.00, 67500.0000),
(499, 18, 8, 1.00, 1000.00, 67500.00, 67500.0000),
(500, 19, 8, 1.00, 1000.00, 67500.00, 67500.0000),
(501, 20, 8, 1.00, 1000.00, 67500.00, 67500.0000),
(502, 21, 8, 1.00, 1000.00, 67500.00, 67500.0000),
(512, 22, 1, 1.00, 2.00, 71000.00, 71000.0000),
(513, 23, 1, 1.00, 2.00, 71000.00, 71000.0000),
(514, 24, 1, 1.00, 2.00, 71000.00, 71000.0000),
(515, 25, 1, 1.00, 2.00, 71000.00, 71000.0000),
(516, 26, 1, 1.00, 2.00, 71000.00, 71000.0000),
(517, 27, 1, 1.00, 2.00, 71000.00, 71000.0000),
(518, 28, 1, 1.00, 2.00, 71000.00, 71000.0000),
(519, 29, 1, 1.00, 2.00, 71000.00, 71000.0000),
(520, 30, 1, 1.00, 2.00, 71000.00, 71000.0000),
(521, 31, 1, 1.00, 2.00, 71000.00, 71000.0000),
(522, 32, 1, 1.00, 2.00, 71000.00, 71000.0000),
(523, 33, 1, 1.00, 2.00, 71000.00, 71000.0000),
(524, 34, 1, 1.00, 2.00, 71000.00, 71000.0000),
(525, 35, 1, 1.00, 2.00, 71000.00, 71000.0000),
(526, 36, 1, 1.00, 2.00, 71000.00, 71000.0000),
(527, 37, 1, 1.00, 2.00, 71000.00, 71000.0000),
(528, 38, 1, 1.00, 2.00, 71000.00, 71000.0000),
(529, 39, 1, 1.00, 2.00, 71000.00, 71000.0000),
(530, 40, 1, 1.00, 2.00, 71000.00, 71000.0000),
(531, 41, 1, 1.00, 2.00, 71000.00, 71000.0000),
(532, 42, 1, 1.00, 2.00, 71000.00, 71000.0000),
(533, 43, 1, 1.00, 2.00, 71000.00, 71000.0000),
(534, 44, 1, 1.00, 2.00, 71000.00, 71000.0000),
(535, 22, 2, 3.00, 10.00, 83000.00, 23000.0000),
(536, 23, 2, 3.00, 10.00, 83000.00, 23000.0000),
(537, 24, 2, 3.00, 10.00, 83000.00, 23000.0000),
(538, 25, 2, 3.00, 10.00, 83000.00, 23000.0000),
(539, 26, 2, 3.00, 10.00, 83000.00, 23000.0000),
(540, 27, 2, 3.00, 10.00, 83000.00, 23000.0000),
(541, 28, 2, 3.00, 10.00, 83000.00, 23000.0000),
(542, 29, 2, 3.00, 10.00, 83000.00, 23000.0000),
(543, 30, 2, 3.00, 10.00, 83000.00, 23000.0000),
(544, 31, 2, 3.00, 10.00, 83000.00, 23000.0000),
(545, 32, 2, 3.00, 10.00, 83000.00, 23000.0000),
(546, 33, 2, 3.00, 10.00, 83000.00, 23000.0000),
(547, 34, 2, 3.00, 10.00, 83000.00, 23000.0000),
(548, 35, 2, 3.00, 10.00, 83000.00, 23000.0000),
(549, 36, 2, 3.00, 10.00, 83000.00, 23000.0000),
(550, 37, 2, 3.00, 10.00, 83000.00, 23000.0000),
(551, 38, 2, 3.00, 10.00, 83000.00, 23000.0000),
(552, 39, 2, 3.00, 10.00, 83000.00, 23000.0000),
(553, 40, 2, 3.00, 10.00, 83000.00, 23000.0000),
(554, 41, 2, 3.00, 10.00, 83000.00, 23000.0000),
(555, 42, 2, 3.00, 10.00, 83000.00, 23000.0000),
(556, 43, 2, 3.00, 10.00, 83000.00, 23000.0000),
(557, 44, 2, 3.00, 10.00, 83000.00, 23000.0000),
(558, 22, 4, 1.00, 50.00, 49500.00, 49500.0000),
(559, 23, 4, 1.00, 50.00, 49500.00, 49500.0000),
(560, 24, 4, 1.00, 50.00, 49500.00, 49500.0000),
(561, 25, 4, 1.00, 50.00, 49500.00, 49500.0000),
(562, 26, 4, 1.00, 50.00, 49500.00, 49500.0000),
(563, 27, 4, 1.00, 50.00, 49500.00, 49500.0000),
(564, 28, 4, 1.00, 50.00, 49500.00, 49500.0000),
(565, 29, 4, 1.00, 50.00, 49500.00, 49500.0000),
(566, 30, 4, 1.00, 50.00, 49500.00, 49500.0000),
(567, 31, 4, 1.00, 50.00, 49500.00, 49500.0000),
(568, 32, 4, 1.00, 50.00, 49500.00, 49500.0000),
(569, 33, 4, 1.00, 50.00, 49500.00, 49500.0000),
(570, 34, 4, 1.00, 50.00, 49500.00, 49500.0000),
(571, 35, 4, 1.00, 50.00, 49500.00, 49500.0000),
(572, 36, 4, 1.00, 50.00, 49500.00, 49500.0000),
(573, 37, 4, 1.00, 50.00, 49500.00, 49500.0000),
(574, 38, 4, 1.00, 50.00, 49500.00, 49500.0000),
(575, 39, 4, 1.00, 50.00, 49500.00, 49500.0000),
(576, 40, 4, 1.00, 50.00, 49500.00, 49500.0000),
(577, 41, 4, 1.00, 50.00, 49500.00, 49500.0000),
(578, 42, 4, 1.00, 50.00, 49500.00, 49500.0000),
(579, 43, 4, 1.00, 50.00, 49500.00, 49500.0000),
(580, 44, 4, 1.00, 50.00, 49500.00, 49500.0000),
(581, 22, 6, 1.00, 50.00, 71000.00, 71000.0000),
(582, 23, 6, 1.00, 50.00, 71000.00, 71000.0000),
(583, 24, 6, 1.00, 50.00, 71000.00, 71000.0000),
(584, 25, 6, 1.00, 50.00, 71000.00, 71000.0000),
(585, 26, 6, 1.00, 50.00, 71000.00, 71000.0000),
(586, 27, 6, 1.00, 50.00, 71000.00, 71000.0000),
(587, 28, 6, 1.00, 50.00, 71000.00, 71000.0000),
(588, 29, 6, 1.00, 50.00, 71000.00, 71000.0000),
(589, 30, 6, 1.00, 50.00, 71000.00, 71000.0000),
(590, 31, 6, 1.00, 50.00, 71000.00, 71000.0000),
(591, 32, 6, 1.00, 50.00, 71000.00, 71000.0000),
(592, 33, 6, 1.00, 50.00, 71000.00, 71000.0000),
(593, 34, 6, 1.00, 50.00, 71000.00, 71000.0000),
(594, 35, 6, 1.00, 50.00, 71000.00, 71000.0000),
(595, 36, 6, 1.00, 50.00, 71000.00, 71000.0000),
(596, 37, 6, 1.00, 50.00, 71000.00, 71000.0000),
(597, 38, 6, 1.00, 50.00, 71000.00, 71000.0000),
(598, 39, 6, 1.00, 50.00, 71000.00, 71000.0000),
(599, 40, 6, 1.00, 50.00, 71000.00, 71000.0000),
(600, 41, 6, 1.00, 50.00, 71000.00, 71000.0000),
(601, 42, 6, 1.00, 50.00, 71000.00, 71000.0000),
(602, 43, 6, 1.00, 50.00, 71000.00, 71000.0000),
(603, 44, 6, 1.00, 50.00, 71000.00, 71000.0000),
(604, 22, 1, 11.00, 50.00, 0.00, 71000.0000),
(605, 23, 1, 11.00, 50.00, 0.00, 71000.0000),
(606, 24, 1, 11.00, 50.00, 0.00, 71000.0000),
(607, 25, 1, 11.00, 50.00, 0.00, 71000.0000),
(608, 26, 1, 11.00, 50.00, 0.00, 71000.0000),
(609, 27, 1, 11.00, 50.00, 0.00, 71000.0000),
(610, 28, 1, 11.00, 50.00, 0.00, 71000.0000),
(611, 29, 1, 11.00, 50.00, 0.00, 71000.0000),
(612, 30, 1, 11.00, 50.00, 0.00, 71000.0000),
(613, 31, 1, 11.00, 50.00, 0.00, 71000.0000),
(614, 32, 1, 11.00, 50.00, 0.00, 71000.0000),
(615, 33, 1, 11.00, 50.00, 0.00, 71000.0000),
(616, 34, 1, 11.00, 50.00, 0.00, 71000.0000),
(617, 35, 1, 11.00, 50.00, 0.00, 71000.0000),
(618, 36, 1, 11.00, 50.00, 0.00, 71000.0000),
(619, 37, 1, 11.00, 50.00, 0.00, 71000.0000),
(620, 38, 1, 11.00, 50.00, 0.00, 71000.0000),
(621, 39, 1, 11.00, 50.00, 0.00, 71000.0000),
(622, 40, 1, 11.00, 50.00, 0.00, 71000.0000),
(623, 41, 1, 11.00, 50.00, 0.00, 71000.0000),
(624, 42, 1, 11.00, 50.00, 0.00, 71000.0000),
(625, 43, 1, 11.00, 50.00, 0.00, 71000.0000),
(626, 44, 1, 11.00, 50.00, 0.00, 71000.0000),
(627, 22, 7, 1.00, 1000.00, 41000.00, 41000.0000),
(628, 23, 7, 1.00, 1000.00, 41000.00, 41000.0000),
(629, 24, 7, 1.00, 1000.00, 41000.00, 41000.0000),
(630, 25, 7, 1.00, 1000.00, 41000.00, 41000.0000),
(631, 26, 7, 1.00, 1000.00, 41000.00, 41000.0000),
(632, 27, 7, 1.00, 1000.00, 41000.00, 41000.0000),
(633, 28, 7, 1.00, 1000.00, 41000.00, 41000.0000),
(634, 29, 7, 1.00, 1000.00, 41000.00, 41000.0000),
(635, 30, 7, 1.00, 1000.00, 41000.00, 41000.0000),
(636, 31, 7, 1.00, 1000.00, 41000.00, 41000.0000),
(637, 32, 7, 1.00, 1000.00, 41000.00, 41000.0000),
(638, 33, 7, 1.00, 1000.00, 41000.00, 41000.0000),
(639, 34, 7, 1.00, 1000.00, 41000.00, 41000.0000),
(640, 35, 7, 1.00, 1000.00, 41000.00, 41000.0000),
(641, 36, 7, 1.00, 1000.00, 41000.00, 41000.0000),
(642, 37, 7, 1.00, 1000.00, 41000.00, 41000.0000),
(643, 38, 7, 1.00, 1000.00, 41000.00, 41000.0000),
(644, 39, 7, 1.00, 1000.00, 41000.00, 41000.0000),
(645, 40, 7, 1.00, 1000.00, 41000.00, 41000.0000),
(646, 41, 7, 1.00, 1000.00, 41000.00, 41000.0000),
(647, 42, 7, 1.00, 1000.00, 41000.00, 41000.0000),
(648, 43, 7, 1.00, 1000.00, 41000.00, 41000.0000),
(649, 44, 7, 1.00, 1000.00, 41000.00, 41000.0000),
(650, 22, 8, 1.00, 1000.00, 50500.00, 50500.0000),
(651, 23, 8, 1.00, 1000.00, 50500.00, 50500.0000),
(652, 24, 8, 1.00, 1000.00, 50500.00, 50500.0000),
(653, 25, 8, 1.00, 1000.00, 50500.00, 50500.0000),
(654, 26, 8, 1.00, 1000.00, 50500.00, 50500.0000),
(655, 27, 8, 1.00, 1000.00, 50500.00, 50500.0000),
(656, 28, 8, 1.00, 1000.00, 50500.00, 50500.0000),
(657, 29, 8, 1.00, 1000.00, 50500.00, 50500.0000),
(658, 30, 8, 1.00, 1000.00, 50500.00, 50500.0000),
(659, 31, 8, 1.00, 1000.00, 50500.00, 50500.0000),
(660, 32, 8, 1.00, 1000.00, 50500.00, 50500.0000),
(661, 33, 8, 1.00, 1000.00, 50500.00, 50500.0000),
(662, 34, 8, 1.00, 1000.00, 50500.00, 50500.0000),
(663, 35, 8, 1.00, 1000.00, 50500.00, 50500.0000),
(664, 36, 8, 1.00, 1000.00, 50500.00, 50500.0000),
(665, 37, 8, 1.00, 1000.00, 50500.00, 50500.0000),
(666, 38, 8, 1.00, 1000.00, 50500.00, 50500.0000),
(667, 39, 8, 1.00, 1000.00, 50500.00, 50500.0000),
(668, 40, 8, 1.00, 1000.00, 50500.00, 50500.0000),
(669, 41, 8, 1.00, 1000.00, 50500.00, 50500.0000),
(670, 42, 8, 1.00, 1000.00, 50500.00, 50500.0000),
(671, 43, 8, 1.00, 1000.00, 50500.00, 50500.0000),
(672, 44, 8, 1.00, 1000.00, 50500.00, 50500.0000),
(767, 45, 1, 1.00, 2.00, 69000.00, 69000.0000),
(768, 46, 1, 1.00, 2.00, 69000.00, 69000.0000),
(769, 47, 1, 1.00, 2.00, 69000.00, 69000.0000),
(770, 48, 1, 1.00, 2.00, 69000.00, 69000.0000),
(771, 49, 1, 1.00, 2.00, 69000.00, 69000.0000),
(772, 50, 1, 1.00, 2.00, 69000.00, 69000.0000),
(773, 51, 1, 1.00, 2.00, 69000.00, 69000.0000),
(774, 52, 1, 1.00, 2.00, 69000.00, 69000.0000),
(775, 53, 1, 1.00, 2.00, 69000.00, 69000.0000),
(776, 45, 2, 3.00, 10.00, 83000.00, 23000.0000),
(777, 46, 2, 3.00, 10.00, 83000.00, 23000.0000),
(778, 47, 2, 3.00, 10.00, 83000.00, 23000.0000),
(779, 48, 2, 3.00, 10.00, 83000.00, 23000.0000),
(780, 49, 2, 3.00, 10.00, 83000.00, 23000.0000),
(781, 50, 2, 3.00, 10.00, 83000.00, 23000.0000),
(782, 51, 2, 3.00, 10.00, 83000.00, 23000.0000),
(783, 52, 2, 3.00, 10.00, 83000.00, 23000.0000),
(784, 53, 2, 3.00, 10.00, 83000.00, 23000.0000),
(785, 45, 4, 1.00, 50.00, 49500.00, 49500.0000),
(786, 46, 4, 1.00, 50.00, 49500.00, 49500.0000),
(787, 47, 4, 1.00, 50.00, 49500.00, 49500.0000),
(788, 48, 4, 1.00, 50.00, 49500.00, 49500.0000),
(789, 49, 4, 1.00, 50.00, 49500.00, 49500.0000),
(790, 50, 4, 1.00, 50.00, 49500.00, 49500.0000),
(791, 51, 4, 1.00, 50.00, 49500.00, 49500.0000),
(792, 52, 4, 1.00, 50.00, 49500.00, 49500.0000),
(793, 53, 4, 1.00, 50.00, 49500.00, 49500.0000),
(794, 45, 6, 1.00, 50.00, 69000.00, 69000.0000),
(795, 46, 6, 1.00, 50.00, 69000.00, 69000.0000),
(796, 47, 6, 1.00, 50.00, 69000.00, 69000.0000),
(797, 48, 6, 1.00, 50.00, 69000.00, 69000.0000),
(798, 49, 6, 1.00, 50.00, 69000.00, 69000.0000),
(799, 50, 6, 1.00, 50.00, 69000.00, 69000.0000),
(800, 51, 6, 1.00, 50.00, 69000.00, 69000.0000),
(801, 52, 6, 1.00, 50.00, 69000.00, 69000.0000),
(802, 53, 6, 1.00, 50.00, 69000.00, 69000.0000),
(803, 45, 1, 11.00, 50.00, 0.00, 69000.0000),
(804, 46, 1, 11.00, 50.00, 0.00, 69000.0000),
(805, 47, 1, 11.00, 50.00, 0.00, 69000.0000),
(806, 48, 1, 11.00, 50.00, 0.00, 69000.0000),
(807, 49, 1, 11.00, 50.00, 0.00, 69000.0000),
(808, 50, 1, 11.00, 50.00, 0.00, 69000.0000),
(809, 51, 1, 11.00, 50.00, 0.00, 69000.0000),
(810, 52, 1, 11.00, 50.00, 0.00, 69000.0000),
(811, 53, 1, 11.00, 50.00, 0.00, 69000.0000),
(830, 54, 1, 1.00, 2.00, 69000.00, 69000.0000),
(831, 55, 1, 1.00, 2.00, 69000.00, 69000.0000),
(832, 56, 1, 1.00, 2.00, 69000.00, 69000.0000),
(833, 57, 1, 1.00, 2.00, 69000.00, 69000.0000),
(834, 58, 1, 1.00, 2.00, 69000.00, 69000.0000),
(835, 59, 1, 1.00, 2.00, 69000.00, 69000.0000),
(836, 60, 1, 1.00, 2.00, 69000.00, 69000.0000),
(837, 61, 1, 1.00, 2.00, 69000.00, 69000.0000),
(838, 62, 1, 1.00, 2.00, 69000.00, 69000.0000),
(839, 63, 1, 1.00, 2.00, 69000.00, 69000.0000),
(840, 64, 1, 1.00, 2.00, 69000.00, 69000.0000),
(841, 65, 1, 1.00, 2.00, 69000.00, 69000.0000),
(842, 66, 1, 1.00, 2.00, 69000.00, 69000.0000),
(843, 67, 1, 1.00, 2.00, 69000.00, 69000.0000),
(844, 68, 1, 1.00, 2.00, 69000.00, 69000.0000),
(845, 69, 1, 1.00, 2.00, 69000.00, 69000.0000),
(846, 70, 1, 1.00, 2.00, 69000.00, 69000.0000),
(847, 71, 1, 1.00, 2.00, 69000.00, 69000.0000),
(848, 54, 2, 3.00, 10.00, 83000.00, 23000.0000),
(849, 55, 2, 3.00, 10.00, 83000.00, 23000.0000),
(850, 56, 2, 3.00, 10.00, 83000.00, 23000.0000),
(851, 57, 2, 3.00, 10.00, 83000.00, 23000.0000),
(852, 58, 2, 3.00, 10.00, 83000.00, 23000.0000),
(853, 59, 2, 3.00, 10.00, 83000.00, 23000.0000),
(854, 60, 2, 3.00, 10.00, 83000.00, 23000.0000),
(855, 61, 2, 3.00, 10.00, 83000.00, 23000.0000),
(856, 62, 2, 3.00, 10.00, 83000.00, 23000.0000),
(857, 63, 2, 3.00, 10.00, 83000.00, 23000.0000),
(858, 64, 2, 3.00, 10.00, 83000.00, 23000.0000),
(859, 65, 2, 3.00, 10.00, 83000.00, 23000.0000),
(860, 66, 2, 3.00, 10.00, 83000.00, 23000.0000),
(861, 67, 2, 3.00, 10.00, 83000.00, 23000.0000),
(862, 68, 2, 3.00, 10.00, 83000.00, 23000.0000),
(863, 69, 2, 3.00, 10.00, 83000.00, 23000.0000),
(864, 70, 2, 3.00, 10.00, 83000.00, 23000.0000),
(865, 71, 2, 3.00, 10.00, 83000.00, 23000.0000),
(866, 54, 4, 1.00, 50.00, 49500.00, 49500.0000),
(867, 55, 4, 1.00, 50.00, 49500.00, 49500.0000),
(868, 56, 4, 1.00, 50.00, 49500.00, 49500.0000),
(869, 57, 4, 1.00, 50.00, 49500.00, 49500.0000),
(870, 58, 4, 1.00, 50.00, 49500.00, 49500.0000),
(871, 59, 4, 1.00, 50.00, 49500.00, 49500.0000),
(872, 60, 4, 1.00, 50.00, 49500.00, 49500.0000),
(873, 61, 4, 1.00, 50.00, 49500.00, 49500.0000),
(874, 62, 4, 1.00, 50.00, 49500.00, 49500.0000),
(875, 63, 4, 1.00, 50.00, 49500.00, 49500.0000),
(876, 64, 4, 1.00, 50.00, 49500.00, 49500.0000),
(877, 65, 4, 1.00, 50.00, 49500.00, 49500.0000),
(878, 66, 4, 1.00, 50.00, 49500.00, 49500.0000),
(879, 67, 4, 1.00, 50.00, 49500.00, 49500.0000),
(880, 68, 4, 1.00, 50.00, 49500.00, 49500.0000),
(881, 69, 4, 1.00, 50.00, 49500.00, 49500.0000),
(882, 70, 4, 1.00, 50.00, 49500.00, 49500.0000),
(883, 71, 4, 1.00, 50.00, 49500.00, 49500.0000),
(884, 54, 6, 1.00, 50.00, 69000.00, 69000.0000),
(885, 55, 6, 1.00, 50.00, 69000.00, 69000.0000),
(886, 56, 6, 1.00, 50.00, 69000.00, 69000.0000),
(887, 57, 6, 1.00, 50.00, 69000.00, 69000.0000),
(888, 58, 6, 1.00, 50.00, 69000.00, 69000.0000),
(889, 59, 6, 1.00, 50.00, 69000.00, 69000.0000),
(890, 60, 6, 1.00, 50.00, 69000.00, 69000.0000),
(891, 61, 6, 1.00, 50.00, 69000.00, 69000.0000),
(892, 62, 6, 1.00, 50.00, 69000.00, 69000.0000),
(893, 63, 6, 1.00, 50.00, 69000.00, 69000.0000),
(894, 64, 6, 1.00, 50.00, 69000.00, 69000.0000),
(895, 65, 6, 1.00, 50.00, 69000.00, 69000.0000),
(896, 66, 6, 1.00, 50.00, 69000.00, 69000.0000),
(897, 67, 6, 1.00, 50.00, 69000.00, 69000.0000),
(898, 68, 6, 1.00, 50.00, 69000.00, 69000.0000),
(899, 69, 6, 1.00, 50.00, 69000.00, 69000.0000),
(900, 70, 6, 1.00, 50.00, 69000.00, 69000.0000),
(901, 71, 6, 1.00, 50.00, 69000.00, 69000.0000),
(902, 54, 1, 11.00, 50.00, 0.00, 69000.0000),
(903, 55, 1, 11.00, 50.00, 0.00, 69000.0000),
(904, 56, 1, 11.00, 50.00, 0.00, 69000.0000),
(905, 57, 1, 11.00, 50.00, 0.00, 69000.0000),
(906, 58, 1, 11.00, 50.00, 0.00, 69000.0000),
(907, 59, 1, 11.00, 50.00, 0.00, 69000.0000),
(908, 60, 1, 11.00, 50.00, 0.00, 69000.0000),
(909, 61, 1, 11.00, 50.00, 0.00, 69000.0000),
(910, 62, 1, 11.00, 50.00, 0.00, 69000.0000),
(911, 63, 1, 11.00, 50.00, 0.00, 69000.0000),
(912, 64, 1, 11.00, 50.00, 0.00, 69000.0000),
(913, 65, 1, 11.00, 50.00, 0.00, 69000.0000),
(914, 66, 1, 11.00, 50.00, 0.00, 69000.0000),
(915, 67, 1, 11.00, 50.00, 0.00, 69000.0000),
(916, 68, 1, 11.00, 50.00, 0.00, 69000.0000),
(917, 69, 1, 11.00, 50.00, 0.00, 69000.0000),
(918, 70, 1, 11.00, 50.00, 0.00, 69000.0000),
(919, 71, 1, 11.00, 50.00, 0.00, 69000.0000),
(920, 54, 7, 1.00, 1000.00, 56000.00, 56000.0000),
(921, 55, 7, 1.00, 1000.00, 56000.00, 56000.0000),
(922, 56, 7, 1.00, 1000.00, 56000.00, 56000.0000),
(923, 57, 7, 1.00, 1000.00, 56000.00, 56000.0000),
(924, 58, 7, 1.00, 1000.00, 56000.00, 56000.0000),
(925, 59, 7, 1.00, 1000.00, 56000.00, 56000.0000),
(926, 60, 7, 1.00, 1000.00, 56000.00, 56000.0000),
(927, 61, 7, 1.00, 1000.00, 56000.00, 56000.0000),
(928, 62, 7, 1.00, 1000.00, 56000.00, 56000.0000),
(929, 63, 7, 1.00, 1000.00, 56000.00, 56000.0000),
(930, 64, 7, 1.00, 1000.00, 56000.00, 56000.0000),
(931, 65, 7, 1.00, 1000.00, 56000.00, 56000.0000),
(932, 66, 7, 1.00, 1000.00, 56000.00, 56000.0000),
(933, 67, 7, 1.00, 1000.00, 56000.00, 56000.0000),
(934, 68, 7, 1.00, 1000.00, 56000.00, 56000.0000),
(935, 69, 7, 1.00, 1000.00, 56000.00, 56000.0000),
(936, 70, 7, 1.00, 1000.00, 56000.00, 56000.0000),
(937, 71, 7, 1.00, 1000.00, 56000.00, 56000.0000),
(938, 54, 8, 1.00, 1000.00, 67500.00, 67500.0000),
(939, 55, 8, 1.00, 1000.00, 67500.00, 67500.0000),
(940, 56, 8, 1.00, 1000.00, 67500.00, 67500.0000),
(941, 57, 8, 1.00, 1000.00, 67500.00, 67500.0000),
(942, 58, 8, 1.00, 1000.00, 67500.00, 67500.0000),
(943, 59, 8, 1.00, 1000.00, 67500.00, 67500.0000),
(944, 60, 8, 1.00, 1000.00, 67500.00, 67500.0000),
(945, 61, 8, 1.00, 1000.00, 67500.00, 67500.0000),
(946, 62, 8, 1.00, 1000.00, 67500.00, 67500.0000),
(947, 63, 8, 1.00, 1000.00, 67500.00, 67500.0000),
(948, 64, 8, 1.00, 1000.00, 67500.00, 67500.0000),
(949, 65, 8, 1.00, 1000.00, 67500.00, 67500.0000),
(950, 66, 8, 1.00, 1000.00, 67500.00, 67500.0000),
(951, 67, 8, 1.00, 1000.00, 67500.00, 67500.0000),
(952, 68, 8, 1.00, 1000.00, 67500.00, 67500.0000),
(953, 69, 8, 1.00, 1000.00, 67500.00, 67500.0000),
(954, 70, 8, 1.00, 1000.00, 67500.00, 67500.0000),
(955, 71, 8, 1.00, 1000.00, 67500.00, 67500.0000),
(957, 72, 1, 1.00, 2.00, 69000.00, 69000.0000),
(958, 73, 1, 1.00, 2.00, 69000.00, 69000.0000),
(959, 74, 1, 1.00, 2.00, 69000.00, 69000.0000),
(960, 75, 1, 1.00, 2.00, 69000.00, 69000.0000),
(961, 76, 1, 1.00, 2.00, 69000.00, 69000.0000),
(962, 77, 1, 1.00, 2.00, 69000.00, 69000.0000),
(963, 78, 1, 1.00, 2.00, 69000.00, 69000.0000),
(964, 79, 1, 1.00, 2.00, 69000.00, 69000.0000),
(965, 80, 1, 1.00, 2.00, 69000.00, 69000.0000),
(966, 81, 1, 1.00, 2.00, 69000.00, 69000.0000),
(967, 82, 1, 1.00, 2.00, 69000.00, 69000.0000),
(968, 72, 2, 3.00, 10.00, 83000.00, 23000.0000),
(969, 73, 2, 3.00, 10.00, 83000.00, 23000.0000),
(970, 74, 2, 3.00, 10.00, 83000.00, 23000.0000),
(971, 75, 2, 3.00, 10.00, 83000.00, 23000.0000),
(972, 76, 2, 3.00, 10.00, 83000.00, 23000.0000),
(973, 77, 2, 3.00, 10.00, 83000.00, 23000.0000),
(974, 78, 2, 3.00, 10.00, 83000.00, 23000.0000),
(975, 79, 2, 3.00, 10.00, 83000.00, 23000.0000),
(976, 80, 2, 3.00, 10.00, 83000.00, 23000.0000),
(977, 81, 2, 3.00, 10.00, 83000.00, 23000.0000),
(978, 82, 2, 3.00, 10.00, 83000.00, 23000.0000),
(979, 72, 4, 1.00, 50.00, 49500.00, 49500.0000),
(980, 73, 4, 1.00, 50.00, 49500.00, 49500.0000),
(981, 74, 4, 1.00, 50.00, 49500.00, 49500.0000),
(982, 75, 4, 1.00, 50.00, 49500.00, 49500.0000),
(983, 76, 4, 1.00, 50.00, 49500.00, 49500.0000),
(984, 77, 4, 1.00, 50.00, 49500.00, 49500.0000),
(985, 78, 4, 1.00, 50.00, 49500.00, 49500.0000),
(986, 79, 4, 1.00, 50.00, 49500.00, 49500.0000),
(987, 80, 4, 1.00, 50.00, 49500.00, 49500.0000),
(988, 81, 4, 1.00, 50.00, 49500.00, 49500.0000),
(989, 82, 4, 1.00, 50.00, 49500.00, 49500.0000),
(990, 72, 6, 1.00, 50.00, 69000.00, 69000.0000),
(991, 73, 6, 1.00, 50.00, 69000.00, 69000.0000),
(992, 74, 6, 1.00, 50.00, 69000.00, 69000.0000),
(993, 75, 6, 1.00, 50.00, 69000.00, 69000.0000),
(994, 76, 6, 1.00, 50.00, 69000.00, 69000.0000),
(995, 77, 6, 1.00, 50.00, 69000.00, 69000.0000),
(996, 78, 6, 1.00, 50.00, 69000.00, 69000.0000),
(997, 79, 6, 1.00, 50.00, 69000.00, 69000.0000),
(998, 80, 6, 1.00, 50.00, 69000.00, 69000.0000),
(999, 81, 6, 1.00, 50.00, 69000.00, 69000.0000),
(1000, 82, 6, 1.00, 50.00, 69000.00, 69000.0000),
(1001, 72, 1, 11.00, 50.00, 0.00, 69000.0000),
(1002, 73, 1, 11.00, 50.00, 0.00, 69000.0000),
(1003, 74, 1, 11.00, 50.00, 0.00, 69000.0000),
(1004, 75, 1, 11.00, 50.00, 0.00, 69000.0000),
(1005, 76, 1, 11.00, 50.00, 0.00, 69000.0000),
(1006, 77, 1, 11.00, 50.00, 0.00, 69000.0000),
(1007, 78, 1, 11.00, 50.00, 0.00, 69000.0000),
(1008, 79, 1, 11.00, 50.00, 0.00, 69000.0000),
(1009, 80, 1, 11.00, 50.00, 0.00, 69000.0000),
(1010, 81, 1, 11.00, 50.00, 0.00, 69000.0000),
(1011, 82, 1, 11.00, 50.00, 0.00, 69000.0000),
(1012, 72, 7, 1.00, 1000.00, 56000.00, 56000.0000),
(1013, 73, 7, 1.00, 1000.00, 56000.00, 56000.0000),
(1014, 74, 7, 1.00, 1000.00, 56000.00, 56000.0000),
(1015, 75, 7, 1.00, 1000.00, 56000.00, 56000.0000),
(1016, 76, 7, 1.00, 1000.00, 56000.00, 56000.0000),
(1017, 77, 7, 1.00, 1000.00, 56000.00, 56000.0000),
(1018, 78, 7, 1.00, 1000.00, 56000.00, 56000.0000),
(1019, 79, 7, 1.00, 1000.00, 56000.00, 56000.0000),
(1020, 80, 7, 1.00, 1000.00, 56000.00, 56000.0000),
(1021, 81, 7, 1.00, 1000.00, 56000.00, 56000.0000),
(1022, 82, 7, 1.00, 1000.00, 56000.00, 56000.0000),
(1023, 72, 8, 1.00, 1000.00, 67500.00, 67500.0000),
(1024, 73, 8, 1.00, 1000.00, 67500.00, 67500.0000),
(1025, 74, 8, 1.00, 1000.00, 67500.00, 67500.0000),
(1026, 75, 8, 1.00, 1000.00, 67500.00, 67500.0000),
(1027, 76, 8, 1.00, 1000.00, 67500.00, 67500.0000),
(1028, 77, 8, 1.00, 1000.00, 67500.00, 67500.0000),
(1029, 78, 8, 1.00, 1000.00, 67500.00, 67500.0000),
(1030, 79, 8, 1.00, 1000.00, 67500.00, 67500.0000),
(1031, 80, 8, 1.00, 1000.00, 67500.00, 67500.0000),
(1032, 81, 8, 1.00, 1000.00, 67500.00, 67500.0000),
(1033, 82, 8, 1.00, 1000.00, 67500.00, 67500.0000),
(1084, 83, 1, 1.00, 2.00, 69000.00, 69000.0000),
(1085, 84, 1, 1.00, 2.00, 69000.00, 69000.0000),
(1086, 85, 1, 1.00, 2.00, 69000.00, 69000.0000),
(1087, 86, 1, 1.00, 2.00, 69000.00, 69000.0000),
(1088, 87, 1, 1.00, 2.00, 69000.00, 69000.0000),
(1089, 88, 1, 1.00, 2.00, 69000.00, 69000.0000),
(1090, 89, 1, 1.00, 2.00, 69000.00, 69000.0000),
(1091, 90, 1, 1.00, 2.00, 69000.00, 69000.0000),
(1092, 91, 1, 1.00, 2.00, 69000.00, 69000.0000),
(1093, 92, 1, 1.00, 2.00, 69000.00, 69000.0000),
(1094, 93, 1, 1.00, 2.00, 69000.00, 69000.0000),
(1095, 94, 1, 1.00, 2.00, 69000.00, 69000.0000),
(1096, 83, 2, 3.00, 10.00, 83000.00, 23000.0000),
(1097, 84, 2, 3.00, 10.00, 83000.00, 23000.0000),
(1098, 85, 2, 3.00, 10.00, 83000.00, 23000.0000),
(1099, 86, 2, 3.00, 10.00, 83000.00, 23000.0000),
(1100, 87, 2, 3.00, 10.00, 83000.00, 23000.0000),
(1101, 88, 2, 3.00, 10.00, 83000.00, 23000.0000),
(1102, 89, 2, 3.00, 10.00, 83000.00, 23000.0000),
(1103, 90, 2, 3.00, 10.00, 83000.00, 23000.0000),
(1104, 91, 2, 3.00, 10.00, 83000.00, 23000.0000),
(1105, 92, 2, 3.00, 10.00, 83000.00, 23000.0000),
(1106, 93, 2, 3.00, 10.00, 83000.00, 23000.0000),
(1107, 94, 2, 3.00, 10.00, 83000.00, 23000.0000),
(1108, 83, 4, 1.00, 50.00, 49500.00, 49500.0000),
(1109, 84, 4, 1.00, 50.00, 49500.00, 49500.0000),
(1110, 85, 4, 1.00, 50.00, 49500.00, 49500.0000),
(1111, 86, 4, 1.00, 50.00, 49500.00, 49500.0000),
(1112, 87, 4, 1.00, 50.00, 49500.00, 49500.0000),
(1113, 88, 4, 1.00, 50.00, 49500.00, 49500.0000),
(1114, 89, 4, 1.00, 50.00, 49500.00, 49500.0000),
(1115, 90, 4, 1.00, 50.00, 49500.00, 49500.0000),
(1116, 91, 4, 1.00, 50.00, 49500.00, 49500.0000),
(1117, 92, 4, 1.00, 50.00, 49500.00, 49500.0000),
(1118, 93, 4, 1.00, 50.00, 49500.00, 49500.0000),
(1119, 94, 4, 1.00, 50.00, 49500.00, 49500.0000),
(1120, 83, 6, 1.00, 3.00, 69000.00, 69000.0000),
(1121, 84, 6, 1.00, 3.00, 69000.00, 69000.0000),
(1122, 85, 6, 1.00, 3.00, 69000.00, 69000.0000),
(1123, 86, 6, 1.00, 3.00, 69000.00, 69000.0000),
(1124, 87, 6, 1.00, 3.00, 69000.00, 69000.0000),
(1125, 88, 6, 1.00, 3.00, 69000.00, 69000.0000),
(1126, 89, 6, 1.00, 3.00, 69000.00, 69000.0000),
(1127, 90, 6, 1.00, 3.00, 69000.00, 69000.0000),
(1128, 91, 6, 1.00, 3.00, 69000.00, 69000.0000),
(1129, 92, 6, 1.00, 3.00, 69000.00, 69000.0000),
(1130, 93, 6, 1.00, 3.00, 69000.00, 69000.0000),
(1131, 94, 6, 1.00, 3.00, 69000.00, 69000.0000),
(1132, 83, 1, 11.00, 50.00, 0.00, 69000.0000),
(1133, 84, 1, 11.00, 50.00, 0.00, 69000.0000),
(1134, 85, 1, 11.00, 50.00, 0.00, 69000.0000),
(1135, 86, 1, 11.00, 50.00, 0.00, 69000.0000),
(1136, 87, 1, 11.00, 50.00, 0.00, 69000.0000),
(1137, 88, 1, 11.00, 50.00, 0.00, 69000.0000),
(1138, 89, 1, 11.00, 50.00, 0.00, 69000.0000),
(1139, 90, 1, 11.00, 50.00, 0.00, 69000.0000),
(1140, 91, 1, 11.00, 50.00, 0.00, 69000.0000),
(1141, 92, 1, 11.00, 50.00, 0.00, 69000.0000),
(1142, 93, 1, 11.00, 50.00, 0.00, 69000.0000),
(1143, 94, 1, 11.00, 50.00, 0.00, 69000.0000),
(1144, 83, 7, 1.00, 1000.00, 40000.00, 40000.0000),
(1145, 84, 7, 1.00, 1000.00, 40000.00, 40000.0000),
(1146, 85, 7, 1.00, 1000.00, 40000.00, 40000.0000),
(1147, 86, 7, 1.00, 1000.00, 40000.00, 40000.0000),
(1148, 87, 7, 1.00, 1000.00, 40000.00, 40000.0000),
(1149, 88, 7, 1.00, 1000.00, 40000.00, 40000.0000),
(1150, 89, 7, 1.00, 1000.00, 40000.00, 40000.0000),
(1151, 90, 7, 1.00, 1000.00, 40000.00, 40000.0000),
(1152, 91, 7, 1.00, 1000.00, 40000.00, 40000.0000),
(1153, 92, 7, 1.00, 1000.00, 40000.00, 40000.0000),
(1154, 93, 7, 1.00, 1000.00, 40000.00, 40000.0000),
(1155, 94, 7, 1.00, 1000.00, 40000.00, 40000.0000),
(1156, 83, 8, 1.00, 1000.00, 65000.00, 65000.0000),
(1157, 84, 8, 1.00, 1000.00, 65000.00, 65000.0000),
(1158, 85, 8, 1.00, 1000.00, 65000.00, 65000.0000),
(1159, 86, 8, 1.00, 1000.00, 65000.00, 65000.0000),
(1160, 87, 8, 1.00, 1000.00, 65000.00, 65000.0000),
(1161, 88, 8, 1.00, 1000.00, 65000.00, 65000.0000),
(1162, 89, 8, 1.00, 1000.00, 65000.00, 65000.0000),
(1163, 90, 8, 1.00, 1000.00, 65000.00, 65000.0000),
(1164, 91, 8, 1.00, 1000.00, 65000.00, 65000.0000),
(1165, 92, 8, 1.00, 1000.00, 65000.00, 65000.0000),
(1166, 93, 8, 1.00, 1000.00, 65000.00, 65000.0000),
(1167, 94, 8, 1.00, 1000.00, 65000.00, 65000.0000),
(1211, 95, 1, 1.00, 2.00, 69000.00, 69000.0000),
(1212, 96, 1, 1.00, 2.00, 69000.00, 69000.0000),
(1213, 97, 1, 1.00, 2.00, 69000.00, 69000.0000),
(1214, 98, 1, 1.00, 2.00, 69000.00, 69000.0000),
(1215, 99, 1, 1.00, 2.00, 69000.00, 69000.0000),
(1216, 100, 1, 1.00, 2.00, 69000.00, 69000.0000),
(1217, 101, 1, 1.00, 2.00, 69000.00, 69000.0000),
(1218, 102, 1, 1.00, 2.00, 69000.00, 69000.0000),
(1219, 103, 1, 1.00, 2.00, 69000.00, 69000.0000),
(1220, 104, 1, 1.00, 2.00, 69000.00, 69000.0000),
(1221, 105, 1, 1.00, 2.00, 69000.00, 69000.0000),
(1222, 106, 1, 1.00, 2.00, 69000.00, 69000.0000),
(1223, 107, 1, 1.00, 2.00, 69000.00, 69000.0000),
(1224, 108, 1, 1.00, 2.00, 69000.00, 69000.0000),
(1225, 95, 2, 3.00, 10.00, 83000.00, 23000.0000),
(1226, 96, 2, 3.00, 10.00, 83000.00, 23000.0000),
(1227, 97, 2, 3.00, 10.00, 83000.00, 23000.0000),
(1228, 98, 2, 3.00, 10.00, 83000.00, 23000.0000),
(1229, 99, 2, 3.00, 10.00, 83000.00, 23000.0000),
(1230, 100, 2, 3.00, 10.00, 83000.00, 23000.0000),
(1231, 101, 2, 3.00, 10.00, 83000.00, 23000.0000),
(1232, 102, 2, 3.00, 10.00, 83000.00, 23000.0000),
(1233, 103, 2, 3.00, 10.00, 83000.00, 23000.0000),
(1234, 104, 2, 3.00, 10.00, 83000.00, 23000.0000),
(1235, 105, 2, 3.00, 10.00, 83000.00, 23000.0000),
(1236, 106, 2, 3.00, 10.00, 83000.00, 23000.0000),
(1237, 107, 2, 3.00, 10.00, 83000.00, 23000.0000),
(1238, 108, 2, 3.00, 10.00, 83000.00, 23000.0000),
(1239, 95, 4, 1.00, 50.00, 49500.00, 49500.0000),
(1240, 96, 4, 1.00, 50.00, 49500.00, 49500.0000),
(1241, 97, 4, 1.00, 50.00, 49500.00, 49500.0000),
(1242, 98, 4, 1.00, 50.00, 49500.00, 49500.0000),
(1243, 99, 4, 1.00, 50.00, 49500.00, 49500.0000),
(1244, 100, 4, 1.00, 50.00, 49500.00, 49500.0000),
(1245, 101, 4, 1.00, 50.00, 49500.00, 49500.0000),
(1246, 102, 4, 1.00, 50.00, 49500.00, 49500.0000),
(1247, 103, 4, 1.00, 50.00, 49500.00, 49500.0000),
(1248, 104, 4, 1.00, 50.00, 49500.00, 49500.0000),
(1249, 105, 4, 1.00, 50.00, 49500.00, 49500.0000),
(1250, 106, 4, 1.00, 50.00, 49500.00, 49500.0000),
(1251, 107, 4, 1.00, 50.00, 49500.00, 49500.0000),
(1252, 108, 4, 1.00, 50.00, 49500.00, 49500.0000),
(1253, 95, 6, 1.00, 3.00, 69000.00, 69000.0000),
(1254, 96, 6, 1.00, 3.00, 69000.00, 69000.0000),
(1255, 97, 6, 1.00, 3.00, 69000.00, 69000.0000),
(1256, 98, 6, 1.00, 3.00, 69000.00, 69000.0000),
(1257, 99, 6, 1.00, 3.00, 69000.00, 69000.0000),
(1258, 100, 6, 1.00, 3.00, 69000.00, 69000.0000),
(1259, 101, 6, 1.00, 3.00, 69000.00, 69000.0000),
(1260, 102, 6, 1.00, 3.00, 69000.00, 69000.0000),
(1261, 103, 6, 1.00, 3.00, 69000.00, 69000.0000),
(1262, 104, 6, 1.00, 3.00, 69000.00, 69000.0000),
(1263, 105, 6, 1.00, 3.00, 69000.00, 69000.0000),
(1264, 106, 6, 1.00, 3.00, 69000.00, 69000.0000),
(1265, 107, 6, 1.00, 3.00, 69000.00, 69000.0000),
(1266, 108, 6, 1.00, 3.00, 69000.00, 69000.0000),
(1267, 95, 1, 11.00, 50.00, 0.00, 69000.0000),
(1268, 96, 1, 11.00, 50.00, 0.00, 69000.0000),
(1269, 97, 1, 11.00, 50.00, 0.00, 69000.0000),
(1270, 98, 1, 11.00, 50.00, 0.00, 69000.0000),
(1271, 99, 1, 11.00, 50.00, 0.00, 69000.0000),
(1272, 100, 1, 11.00, 50.00, 0.00, 69000.0000),
(1273, 101, 1, 11.00, 50.00, 0.00, 69000.0000),
(1274, 102, 1, 11.00, 50.00, 0.00, 69000.0000),
(1275, 103, 1, 11.00, 50.00, 0.00, 69000.0000),
(1276, 104, 1, 11.00, 50.00, 0.00, 69000.0000),
(1277, 105, 1, 11.00, 50.00, 0.00, 69000.0000),
(1278, 106, 1, 11.00, 50.00, 0.00, 69000.0000),
(1279, 107, 1, 11.00, 50.00, 0.00, 69000.0000),
(1280, 108, 1, 11.00, 50.00, 0.00, 69000.0000),
(1281, 95, 7, 1.00, 1000.00, 41000.00, 41000.0000),
(1282, 96, 7, 1.00, 1000.00, 41000.00, 41000.0000),
(1283, 97, 7, 1.00, 1000.00, 41000.00, 41000.0000),
(1284, 98, 7, 1.00, 1000.00, 41000.00, 41000.0000),
(1285, 99, 7, 1.00, 1000.00, 41000.00, 41000.0000),
(1286, 100, 7, 1.00, 1000.00, 41000.00, 41000.0000),
(1287, 101, 7, 1.00, 1000.00, 41000.00, 41000.0000),
(1288, 102, 7, 1.00, 1000.00, 41000.00, 41000.0000),
(1289, 103, 7, 1.00, 1000.00, 41000.00, 41000.0000),
(1290, 104, 7, 1.00, 1000.00, 41000.00, 41000.0000),
(1291, 105, 7, 1.00, 1000.00, 41000.00, 41000.0000),
(1292, 106, 7, 1.00, 1000.00, 41000.00, 41000.0000),
(1293, 107, 7, 1.00, 1000.00, 41000.00, 41000.0000),
(1294, 108, 7, 1.00, 1000.00, 41000.00, 41000.0000),
(1295, 95, 8, 1.00, 1000.00, 62000.00, 62000.0000),
(1296, 96, 8, 1.00, 1000.00, 62000.00, 62000.0000),
(1297, 97, 8, 1.00, 1000.00, 62000.00, 62000.0000),
(1298, 98, 8, 1.00, 1000.00, 62000.00, 62000.0000),
(1299, 99, 8, 1.00, 1000.00, 62000.00, 62000.0000),
(1300, 100, 8, 1.00, 1000.00, 62000.00, 62000.0000),
(1301, 101, 8, 1.00, 1000.00, 62000.00, 62000.0000),
(1302, 102, 8, 1.00, 1000.00, 62000.00, 62000.0000),
(1303, 103, 8, 1.00, 1000.00, 62000.00, 62000.0000),
(1304, 104, 8, 1.00, 1000.00, 62000.00, 62000.0000),
(1305, 105, 8, 1.00, 1000.00, 62000.00, 62000.0000),
(1306, 106, 8, 1.00, 1000.00, 62000.00, 62000.0000),
(1307, 107, 8, 1.00, 1000.00, 62000.00, 62000.0000),
(1308, 108, 8, 1.00, 1000.00, 62000.00, 62000.0000),
(1338, 109, 1, 1.00, 2.00, 69000.00, 69000.0000),
(1339, 110, 1, 1.00, 2.00, 69000.00, 69000.0000),
(1340, 111, 1, 1.00, 2.00, 69000.00, 69000.0000),
(1341, 112, 1, 1.00, 2.00, 69000.00, 69000.0000),
(1342, 113, 1, 1.00, 2.00, 69000.00, 69000.0000),
(1343, 114, 1, 1.00, 2.00, 69000.00, 69000.0000),
(1344, 115, 1, 1.00, 2.00, 69000.00, 69000.0000),
(1345, 116, 1, 1.00, 2.00, 69000.00, 69000.0000),
(1346, 117, 1, 1.00, 2.00, 69000.00, 69000.0000),
(1347, 118, 1, 1.00, 2.00, 69000.00, 69000.0000),
(1348, 119, 1, 1.00, 2.00, 69000.00, 69000.0000),
(1349, 120, 1, 1.00, 2.00, 69000.00, 69000.0000),
(1350, 109, 2, 3.00, 10.00, 83000.00, 23000.0000),
(1351, 110, 2, 3.00, 10.00, 83000.00, 23000.0000),
(1352, 111, 2, 3.00, 10.00, 83000.00, 23000.0000),
(1353, 112, 2, 3.00, 10.00, 83000.00, 23000.0000),
(1354, 113, 2, 3.00, 10.00, 83000.00, 23000.0000),
(1355, 114, 2, 3.00, 10.00, 83000.00, 23000.0000),
(1356, 115, 2, 3.00, 10.00, 83000.00, 23000.0000),
(1357, 116, 2, 3.00, 10.00, 83000.00, 23000.0000),
(1358, 117, 2, 3.00, 10.00, 83000.00, 23000.0000),
(1359, 118, 2, 3.00, 10.00, 83000.00, 23000.0000),
(1360, 119, 2, 3.00, 10.00, 83000.00, 23000.0000),
(1361, 120, 2, 3.00, 10.00, 83000.00, 23000.0000),
(1362, 109, 4, 1.00, 50.00, 49500.00, 49500.0000),
(1363, 110, 4, 1.00, 50.00, 49500.00, 49500.0000),
(1364, 111, 4, 1.00, 50.00, 49500.00, 49500.0000),
(1365, 112, 4, 1.00, 50.00, 49500.00, 49500.0000),
(1366, 113, 4, 1.00, 50.00, 49500.00, 49500.0000),
(1367, 114, 4, 1.00, 50.00, 49500.00, 49500.0000),
(1368, 115, 4, 1.00, 50.00, 49500.00, 49500.0000),
(1369, 116, 4, 1.00, 50.00, 49500.00, 49500.0000),
(1370, 117, 4, 1.00, 50.00, 49500.00, 49500.0000),
(1371, 118, 4, 1.00, 50.00, 49500.00, 49500.0000),
(1372, 119, 4, 1.00, 50.00, 49500.00, 49500.0000),
(1373, 120, 4, 1.00, 50.00, 49500.00, 49500.0000),
(1374, 109, 6, 1.00, 3.00, 69000.00, 69000.0000),
(1375, 110, 6, 1.00, 3.00, 69000.00, 69000.0000),
(1376, 111, 6, 1.00, 3.00, 69000.00, 69000.0000),
(1377, 112, 6, 1.00, 3.00, 69000.00, 69000.0000),
(1378, 113, 6, 1.00, 3.00, 69000.00, 69000.0000),
(1379, 114, 6, 1.00, 3.00, 69000.00, 69000.0000),
(1380, 115, 6, 1.00, 3.00, 69000.00, 69000.0000),
(1381, 116, 6, 1.00, 3.00, 69000.00, 69000.0000),
(1382, 117, 6, 1.00, 3.00, 69000.00, 69000.0000),
(1383, 118, 6, 1.00, 3.00, 69000.00, 69000.0000),
(1384, 119, 6, 1.00, 3.00, 69000.00, 69000.0000),
(1385, 120, 6, 1.00, 3.00, 69000.00, 69000.0000),
(1386, 109, 1, 11.00, 50.00, 0.00, 69000.0000),
(1387, 110, 1, 11.00, 50.00, 0.00, 69000.0000),
(1388, 111, 1, 11.00, 50.00, 0.00, 69000.0000),
(1389, 112, 1, 11.00, 50.00, 0.00, 69000.0000),
(1390, 113, 1, 11.00, 50.00, 0.00, 69000.0000),
(1391, 114, 1, 11.00, 50.00, 0.00, 69000.0000),
(1392, 115, 1, 11.00, 50.00, 0.00, 69000.0000),
(1393, 116, 1, 11.00, 50.00, 0.00, 69000.0000),
(1394, 117, 1, 11.00, 50.00, 0.00, 69000.0000),
(1395, 118, 1, 11.00, 50.00, 0.00, 69000.0000),
(1396, 119, 1, 11.00, 50.00, 0.00, 69000.0000),
(1397, 120, 1, 11.00, 50.00, 0.00, 69000.0000),
(1398, 109, 7, 1.00, 1000.00, 41500.00, 41500.0000),
(1399, 110, 7, 1.00, 1000.00, 41500.00, 41500.0000),
(1400, 111, 7, 1.00, 1000.00, 41500.00, 41500.0000),
(1401, 112, 7, 1.00, 1000.00, 41500.00, 41500.0000),
(1402, 113, 7, 1.00, 1000.00, 41500.00, 41500.0000),
(1403, 114, 7, 1.00, 1000.00, 41500.00, 41500.0000),
(1404, 115, 7, 1.00, 1000.00, 41500.00, 41500.0000),
(1405, 116, 7, 1.00, 1000.00, 41500.00, 41500.0000),
(1406, 117, 7, 1.00, 1000.00, 41500.00, 41500.0000),
(1407, 118, 7, 1.00, 1000.00, 41500.00, 41500.0000),
(1408, 119, 7, 1.00, 1000.00, 41500.00, 41500.0000),
(1409, 120, 7, 1.00, 1000.00, 41500.00, 41500.0000),
(1410, 109, 8, 1.00, 1000.00, 51500.00, 51500.0000),
(1411, 110, 8, 1.00, 1000.00, 51500.00, 51500.0000),
(1412, 111, 8, 1.00, 1000.00, 51500.00, 51500.0000),
(1413, 112, 8, 1.00, 1000.00, 51500.00, 51500.0000),
(1414, 113, 8, 1.00, 1000.00, 51500.00, 51500.0000),
(1415, 114, 8, 1.00, 1000.00, 51500.00, 51500.0000),
(1416, 115, 8, 1.00, 1000.00, 51500.00, 51500.0000),
(1417, 116, 8, 1.00, 1000.00, 51500.00, 51500.0000),
(1418, 117, 8, 1.00, 1000.00, 51500.00, 51500.0000),
(1419, 118, 8, 1.00, 1000.00, 51500.00, 51500.0000),
(1420, 119, 8, 1.00, 1000.00, 51500.00, 51500.0000),
(1421, 120, 8, 1.00, 1000.00, 51500.00, 51500.0000),
(1465, 121, 1, 1.00, 2.00, 69000.00, 69000.0000),
(1466, 122, 1, 1.00, 2.00, 69000.00, 69000.0000),
(1467, 123, 1, 1.00, 2.00, 69000.00, 69000.0000),
(1468, 124, 1, 1.00, 2.00, 69000.00, 69000.0000),
(1469, 125, 1, 1.00, 2.00, 69000.00, 69000.0000),
(1470, 126, 1, 1.00, 2.00, 69000.00, 69000.0000),
(1471, 127, 1, 1.00, 2.00, 69000.00, 69000.0000),
(1472, 128, 1, 1.00, 2.00, 69000.00, 69000.0000),
(1473, 129, 1, 1.00, 2.00, 69000.00, 69000.0000),
(1474, 130, 1, 1.00, 2.00, 69000.00, 69000.0000),
(1475, 131, 1, 1.00, 2.00, 69000.00, 69000.0000),
(1476, 132, 1, 1.00, 2.00, 69000.00, 69000.0000),
(1477, 133, 1, 1.00, 2.00, 69000.00, 69000.0000),
(1478, 134, 1, 1.00, 2.00, 69000.00, 69000.0000),
(1479, 135, 1, 1.00, 2.00, 69000.00, 69000.0000),
(1480, 136, 1, 1.00, 2.00, 69000.00, 69000.0000),
(1481, 137, 1, 1.00, 2.00, 69000.00, 69000.0000),
(1482, 121, 2, 3.00, 10.00, 83000.00, 23000.0000),
(1483, 122, 2, 3.00, 10.00, 83000.00, 23000.0000),
(1484, 123, 2, 3.00, 10.00, 83000.00, 23000.0000),
(1485, 124, 2, 3.00, 10.00, 83000.00, 23000.0000),
(1486, 125, 2, 3.00, 10.00, 83000.00, 23000.0000),
(1487, 126, 2, 3.00, 10.00, 83000.00, 23000.0000),
(1488, 127, 2, 3.00, 10.00, 83000.00, 23000.0000),
(1489, 128, 2, 3.00, 10.00, 83000.00, 23000.0000),
(1490, 129, 2, 3.00, 10.00, 83000.00, 23000.0000),
(1491, 130, 2, 3.00, 10.00, 83000.00, 23000.0000),
(1492, 131, 2, 3.00, 10.00, 83000.00, 23000.0000),
(1493, 132, 2, 3.00, 10.00, 83000.00, 23000.0000),
(1494, 133, 2, 3.00, 10.00, 83000.00, 23000.0000),
(1495, 134, 2, 3.00, 10.00, 83000.00, 23000.0000),
(1496, 135, 2, 3.00, 10.00, 83000.00, 23000.0000),
(1497, 136, 2, 3.00, 10.00, 83000.00, 23000.0000),
(1498, 137, 2, 3.00, 10.00, 83000.00, 23000.0000),
(1499, 121, 4, 1.00, 50.00, 49500.00, 49500.0000),
(1500, 122, 4, 1.00, 50.00, 49500.00, 49500.0000),
(1501, 123, 4, 1.00, 50.00, 49500.00, 49500.0000),
(1502, 124, 4, 1.00, 50.00, 49500.00, 49500.0000),
(1503, 125, 4, 1.00, 50.00, 49500.00, 49500.0000),
(1504, 126, 4, 1.00, 50.00, 49500.00, 49500.0000),
(1505, 127, 4, 1.00, 50.00, 49500.00, 49500.0000),
(1506, 128, 4, 1.00, 50.00, 49500.00, 49500.0000),
(1507, 129, 4, 1.00, 50.00, 49500.00, 49500.0000),
(1508, 130, 4, 1.00, 50.00, 49500.00, 49500.0000),
(1509, 131, 4, 1.00, 50.00, 49500.00, 49500.0000),
(1510, 132, 4, 1.00, 50.00, 49500.00, 49500.0000),
(1511, 133, 4, 1.00, 50.00, 49500.00, 49500.0000),
(1512, 134, 4, 1.00, 50.00, 49500.00, 49500.0000),
(1513, 135, 4, 1.00, 50.00, 49500.00, 49500.0000),
(1514, 136, 4, 1.00, 50.00, 49500.00, 49500.0000),
(1515, 137, 4, 1.00, 50.00, 49500.00, 49500.0000),
(1516, 121, 6, 1.00, 3.00, 69000.00, 69000.0000),
(1517, 122, 6, 1.00, 3.00, 69000.00, 69000.0000),
(1518, 123, 6, 1.00, 3.00, 69000.00, 69000.0000),
(1519, 124, 6, 1.00, 3.00, 69000.00, 69000.0000),
(1520, 125, 6, 1.00, 3.00, 69000.00, 69000.0000),
(1521, 126, 6, 1.00, 3.00, 69000.00, 69000.0000),
(1522, 127, 6, 1.00, 3.00, 69000.00, 69000.0000),
(1523, 128, 6, 1.00, 3.00, 69000.00, 69000.0000),
(1524, 129, 6, 1.00, 3.00, 69000.00, 69000.0000),
(1525, 130, 6, 1.00, 3.00, 69000.00, 69000.0000),
(1526, 131, 6, 1.00, 3.00, 69000.00, 69000.0000),
(1527, 132, 6, 1.00, 3.00, 69000.00, 69000.0000),
(1528, 133, 6, 1.00, 3.00, 69000.00, 69000.0000),
(1529, 134, 6, 1.00, 3.00, 69000.00, 69000.0000),
(1530, 135, 6, 1.00, 3.00, 69000.00, 69000.0000),
(1531, 136, 6, 1.00, 3.00, 69000.00, 69000.0000),
(1532, 137, 6, 1.00, 3.00, 69000.00, 69000.0000),
(1533, 121, 1, 11.00, 50.00, 0.00, 69000.0000),
(1534, 122, 1, 11.00, 50.00, 0.00, 69000.0000),
(1535, 123, 1, 11.00, 50.00, 0.00, 69000.0000),
(1536, 124, 1, 11.00, 50.00, 0.00, 69000.0000),
(1537, 125, 1, 11.00, 50.00, 0.00, 69000.0000),
(1538, 126, 1, 11.00, 50.00, 0.00, 69000.0000),
(1539, 127, 1, 11.00, 50.00, 0.00, 69000.0000),
(1540, 128, 1, 11.00, 50.00, 0.00, 69000.0000),
(1541, 129, 1, 11.00, 50.00, 0.00, 69000.0000),
(1542, 130, 1, 11.00, 50.00, 0.00, 69000.0000),
(1543, 131, 1, 11.00, 50.00, 0.00, 69000.0000),
(1544, 132, 1, 11.00, 50.00, 0.00, 69000.0000),
(1545, 133, 1, 11.00, 50.00, 0.00, 69000.0000),
(1546, 134, 1, 11.00, 50.00, 0.00, 69000.0000),
(1547, 135, 1, 11.00, 50.00, 0.00, 69000.0000),
(1548, 136, 1, 11.00, 50.00, 0.00, 69000.0000),
(1549, 137, 1, 11.00, 50.00, 0.00, 69000.0000),
(1550, 121, 7, 1.00, 1000.00, 40000.00, 40000.0000),
(1551, 122, 7, 1.00, 1000.00, 40000.00, 40000.0000),
(1552, 123, 7, 1.00, 1000.00, 40000.00, 40000.0000),
(1553, 124, 7, 1.00, 1000.00, 40000.00, 40000.0000),
(1554, 125, 7, 1.00, 1000.00, 40000.00, 40000.0000),
(1555, 126, 7, 1.00, 1000.00, 40000.00, 40000.0000),
(1556, 127, 7, 1.00, 1000.00, 40000.00, 40000.0000),
(1557, 128, 7, 1.00, 1000.00, 40000.00, 40000.0000),
(1558, 129, 7, 1.00, 1000.00, 40000.00, 40000.0000),
(1559, 130, 7, 1.00, 1000.00, 40000.00, 40000.0000),
(1560, 131, 7, 1.00, 1000.00, 40000.00, 40000.0000),
(1561, 132, 7, 1.00, 1000.00, 40000.00, 40000.0000),
(1562, 133, 7, 1.00, 1000.00, 40000.00, 40000.0000),
(1563, 134, 7, 1.00, 1000.00, 40000.00, 40000.0000),
(1564, 135, 7, 1.00, 1000.00, 40000.00, 40000.0000),
(1565, 136, 7, 1.00, 1000.00, 40000.00, 40000.0000),
(1566, 137, 7, 1.00, 1000.00, 40000.00, 40000.0000),
(1567, 121, 8, 1.00, 1000.00, 65000.00, 65000.0000),
(1568, 122, 8, 1.00, 1000.00, 65000.00, 65000.0000),
(1569, 123, 8, 1.00, 1000.00, 65000.00, 65000.0000),
(1570, 124, 8, 1.00, 1000.00, 65000.00, 65000.0000),
(1571, 125, 8, 1.00, 1000.00, 65000.00, 65000.0000),
(1572, 126, 8, 1.00, 1000.00, 65000.00, 65000.0000),
(1573, 127, 8, 1.00, 1000.00, 65000.00, 65000.0000),
(1574, 128, 8, 1.00, 1000.00, 65000.00, 65000.0000),
(1575, 129, 8, 1.00, 1000.00, 65000.00, 65000.0000),
(1576, 130, 8, 1.00, 1000.00, 65000.00, 65000.0000),
(1577, 131, 8, 1.00, 1000.00, 65000.00, 65000.0000),
(1578, 132, 8, 1.00, 1000.00, 65000.00, 65000.0000),
(1579, 133, 8, 1.00, 1000.00, 65000.00, 65000.0000),
(1580, 134, 8, 1.00, 1000.00, 65000.00, 65000.0000),
(1581, 135, 8, 1.00, 1000.00, 65000.00, 65000.0000),
(1582, 136, 8, 1.00, 1000.00, 65000.00, 65000.0000),
(1583, 137, 8, 1.00, 1000.00, 65000.00, 65000.0000),
(1592, 138, 1, 1.00, 2.00, 69000.00, 69000.0000),
(1593, 139, 1, 1.00, 2.00, 69000.00, 69000.0000),
(1594, 140, 1, 1.00, 2.00, 69000.00, 69000.0000),
(1595, 141, 1, 1.00, 2.00, 69000.00, 69000.0000),
(1596, 142, 1, 1.00, 2.00, 69000.00, 69000.0000),
(1597, 143, 1, 1.00, 2.00, 69000.00, 69000.0000),
(1598, 144, 1, 1.00, 2.00, 69000.00, 69000.0000),
(1599, 145, 1, 1.00, 2.00, 69000.00, 69000.0000),
(1600, 146, 1, 1.00, 2.00, 69000.00, 69000.0000),
(1601, 147, 1, 1.00, 2.00, 69000.00, 69000.0000),
(1602, 148, 1, 1.00, 2.00, 69000.00, 69000.0000),
(1603, 149, 1, 1.00, 2.00, 69000.00, 69000.0000),
(1604, 150, 1, 1.00, 2.00, 69000.00, 69000.0000),
(1605, 151, 1, 1.00, 2.00, 69000.00, 69000.0000),
(1606, 152, 1, 1.00, 2.00, 69000.00, 69000.0000),
(1607, 153, 1, 1.00, 2.00, 69000.00, 69000.0000),
(1608, 154, 1, 1.00, 2.00, 69000.00, 69000.0000),
(1609, 155, 1, 1.00, 2.00, 69000.00, 69000.0000),
(1610, 156, 1, 1.00, 2.00, 69000.00, 69000.0000),
(1611, 157, 1, 1.00, 2.00, 69000.00, 69000.0000),
(1612, 158, 1, 1.00, 2.00, 69000.00, 69000.0000),
(1613, 138, 2, 3.00, 10.00, 83000.00, 23000.0000),
(1614, 139, 2, 3.00, 10.00, 83000.00, 23000.0000),
(1615, 140, 2, 3.00, 10.00, 83000.00, 23000.0000),
(1616, 141, 2, 3.00, 10.00, 83000.00, 23000.0000),
(1617, 142, 2, 3.00, 10.00, 83000.00, 23000.0000),
(1618, 143, 2, 3.00, 10.00, 83000.00, 23000.0000),
(1619, 144, 2, 3.00, 10.00, 83000.00, 23000.0000),
(1620, 145, 2, 3.00, 10.00, 83000.00, 23000.0000),
(1621, 146, 2, 3.00, 10.00, 83000.00, 23000.0000),
(1622, 147, 2, 3.00, 10.00, 83000.00, 23000.0000),
(1623, 148, 2, 3.00, 10.00, 83000.00, 23000.0000),
(1624, 149, 2, 3.00, 10.00, 83000.00, 23000.0000),
(1625, 150, 2, 3.00, 10.00, 83000.00, 23000.0000),
(1626, 151, 2, 3.00, 10.00, 83000.00, 23000.0000),
(1627, 152, 2, 3.00, 10.00, 83000.00, 23000.0000),
(1628, 153, 2, 3.00, 10.00, 83000.00, 23000.0000),
(1629, 154, 2, 3.00, 10.00, 83000.00, 23000.0000),
(1630, 155, 2, 3.00, 10.00, 83000.00, 23000.0000),
(1631, 156, 2, 3.00, 10.00, 83000.00, 23000.0000),
(1632, 157, 2, 3.00, 10.00, 83000.00, 23000.0000),
(1633, 158, 2, 3.00, 10.00, 83000.00, 23000.0000),
(1634, 138, 4, 1.00, 50.00, 49500.00, 49500.0000),
(1635, 139, 4, 1.00, 50.00, 49500.00, 49500.0000),
(1636, 140, 4, 1.00, 50.00, 49500.00, 49500.0000),
(1637, 141, 4, 1.00, 50.00, 49500.00, 49500.0000),
(1638, 142, 4, 1.00, 50.00, 49500.00, 49500.0000),
(1639, 143, 4, 1.00, 50.00, 49500.00, 49500.0000),
(1640, 144, 4, 1.00, 50.00, 49500.00, 49500.0000),
(1641, 145, 4, 1.00, 50.00, 49500.00, 49500.0000),
(1642, 146, 4, 1.00, 50.00, 49500.00, 49500.0000),
(1643, 147, 4, 1.00, 50.00, 49500.00, 49500.0000),
(1644, 148, 4, 1.00, 50.00, 49500.00, 49500.0000),
(1645, 149, 4, 1.00, 50.00, 49500.00, 49500.0000),
(1646, 150, 4, 1.00, 50.00, 49500.00, 49500.0000),
(1647, 151, 4, 1.00, 50.00, 49500.00, 49500.0000),
(1648, 152, 4, 1.00, 50.00, 49500.00, 49500.0000),
(1649, 153, 4, 1.00, 50.00, 49500.00, 49500.0000),
(1650, 154, 4, 1.00, 50.00, 49500.00, 49500.0000),
(1651, 155, 4, 1.00, 50.00, 49500.00, 49500.0000),
(1652, 156, 4, 1.00, 50.00, 49500.00, 49500.0000),
(1653, 157, 4, 1.00, 50.00, 49500.00, 49500.0000),
(1654, 158, 4, 1.00, 50.00, 49500.00, 49500.0000),
(1655, 138, 6, 1.00, 3.00, 69000.00, 69000.0000),
(1656, 139, 6, 1.00, 3.00, 69000.00, 69000.0000),
(1657, 140, 6, 1.00, 3.00, 69000.00, 69000.0000),
(1658, 141, 6, 1.00, 3.00, 69000.00, 69000.0000),
(1659, 142, 6, 1.00, 3.00, 69000.00, 69000.0000),
(1660, 143, 6, 1.00, 3.00, 69000.00, 69000.0000),
(1661, 144, 6, 1.00, 3.00, 69000.00, 69000.0000),
(1662, 145, 6, 1.00, 3.00, 69000.00, 69000.0000),
(1663, 146, 6, 1.00, 3.00, 69000.00, 69000.0000),
(1664, 147, 6, 1.00, 3.00, 69000.00, 69000.0000),
(1665, 148, 6, 1.00, 3.00, 69000.00, 69000.0000),
(1666, 149, 6, 1.00, 3.00, 69000.00, 69000.0000),
(1667, 150, 6, 1.00, 3.00, 69000.00, 69000.0000),
(1668, 151, 6, 1.00, 3.00, 69000.00, 69000.0000),
(1669, 152, 6, 1.00, 3.00, 69000.00, 69000.0000),
(1670, 153, 6, 1.00, 3.00, 69000.00, 69000.0000),
(1671, 154, 6, 1.00, 3.00, 69000.00, 69000.0000),
(1672, 155, 6, 1.00, 3.00, 69000.00, 69000.0000),
(1673, 156, 6, 1.00, 3.00, 69000.00, 69000.0000),
(1674, 157, 6, 1.00, 3.00, 69000.00, 69000.0000),
(1675, 158, 6, 1.00, 3.00, 69000.00, 69000.0000),
(1676, 138, 1, 11.00, 50.00, 0.00, 69000.0000),
(1677, 139, 1, 11.00, 50.00, 0.00, 69000.0000),
(1678, 140, 1, 11.00, 50.00, 0.00, 69000.0000),
(1679, 141, 1, 11.00, 50.00, 0.00, 69000.0000),
(1680, 142, 1, 11.00, 50.00, 0.00, 69000.0000),
(1681, 143, 1, 11.00, 50.00, 0.00, 69000.0000),
(1682, 144, 1, 11.00, 50.00, 0.00, 69000.0000),
(1683, 145, 1, 11.00, 50.00, 0.00, 69000.0000),
(1684, 146, 1, 11.00, 50.00, 0.00, 69000.0000),
(1685, 147, 1, 11.00, 50.00, 0.00, 69000.0000),
(1686, 148, 1, 11.00, 50.00, 0.00, 69000.0000),
(1687, 149, 1, 11.00, 50.00, 0.00, 69000.0000),
(1688, 150, 1, 11.00, 50.00, 0.00, 69000.0000),
(1689, 151, 1, 11.00, 50.00, 0.00, 69000.0000),
(1690, 152, 1, 11.00, 50.00, 0.00, 69000.0000),
(1691, 153, 1, 11.00, 50.00, 0.00, 69000.0000),
(1692, 154, 1, 11.00, 50.00, 0.00, 69000.0000);
INSERT INTO `harga_pengiriman` (`id_harga`, `id_kecamatan`, `id_layanan`, `minimal_berat_kg`, `maksimal_berat_kg`, `harga_awal`, `tambahan_per_kg`) VALUES
(1693, 155, 1, 11.00, 50.00, 0.00, 69000.0000),
(1694, 156, 1, 11.00, 50.00, 0.00, 69000.0000),
(1695, 157, 1, 11.00, 50.00, 0.00, 69000.0000),
(1696, 158, 1, 11.00, 50.00, 0.00, 69000.0000),
(1697, 138, 7, 1.00, 1000.00, 38500.00, 38500.0000),
(1698, 139, 7, 1.00, 1000.00, 38500.00, 38500.0000),
(1699, 140, 7, 1.00, 1000.00, 38500.00, 38500.0000),
(1700, 141, 7, 1.00, 1000.00, 38500.00, 38500.0000),
(1701, 142, 7, 1.00, 1000.00, 38500.00, 38500.0000),
(1702, 143, 7, 1.00, 1000.00, 38500.00, 38500.0000),
(1703, 144, 7, 1.00, 1000.00, 38500.00, 38500.0000),
(1704, 145, 7, 1.00, 1000.00, 38500.00, 38500.0000),
(1705, 146, 7, 1.00, 1000.00, 38500.00, 38500.0000),
(1706, 147, 7, 1.00, 1000.00, 38500.00, 38500.0000),
(1707, 148, 7, 1.00, 1000.00, 38500.00, 38500.0000),
(1708, 149, 7, 1.00, 1000.00, 38500.00, 38500.0000),
(1709, 150, 7, 1.00, 1000.00, 38500.00, 38500.0000),
(1710, 151, 7, 1.00, 1000.00, 38500.00, 38500.0000),
(1711, 152, 7, 1.00, 1000.00, 38500.00, 38500.0000),
(1712, 153, 7, 1.00, 1000.00, 38500.00, 38500.0000),
(1713, 154, 7, 1.00, 1000.00, 38500.00, 38500.0000),
(1714, 155, 7, 1.00, 1000.00, 38500.00, 38500.0000),
(1715, 156, 7, 1.00, 1000.00, 38500.00, 38500.0000),
(1716, 157, 7, 1.00, 1000.00, 38500.00, 38500.0000),
(1717, 158, 7, 1.00, 1000.00, 38500.00, 38500.0000),
(1718, 138, 8, 1.00, 1000.00, 63500.00, 63500.0000),
(1719, 139, 8, 1.00, 1000.00, 63500.00, 63500.0000),
(1720, 140, 8, 1.00, 1000.00, 63500.00, 63500.0000),
(1721, 141, 8, 1.00, 1000.00, 63500.00, 63500.0000),
(1722, 142, 8, 1.00, 1000.00, 63500.00, 63500.0000),
(1723, 143, 8, 1.00, 1000.00, 63500.00, 63500.0000),
(1724, 144, 8, 1.00, 1000.00, 63500.00, 63500.0000),
(1725, 145, 8, 1.00, 1000.00, 63500.00, 63500.0000),
(1726, 146, 8, 1.00, 1000.00, 63500.00, 63500.0000),
(1727, 147, 8, 1.00, 1000.00, 63500.00, 63500.0000),
(1728, 148, 8, 1.00, 1000.00, 63500.00, 63500.0000),
(1729, 149, 8, 1.00, 1000.00, 63500.00, 63500.0000),
(1730, 150, 8, 1.00, 1000.00, 63500.00, 63500.0000),
(1731, 151, 8, 1.00, 1000.00, 63500.00, 63500.0000),
(1732, 152, 8, 1.00, 1000.00, 63500.00, 63500.0000),
(1733, 153, 8, 1.00, 1000.00, 63500.00, 63500.0000),
(1734, 154, 8, 1.00, 1000.00, 63500.00, 63500.0000),
(1735, 155, 8, 1.00, 1000.00, 63500.00, 63500.0000),
(1736, 156, 8, 1.00, 1000.00, 63500.00, 63500.0000),
(1737, 157, 8, 1.00, 1000.00, 63500.00, 63500.0000),
(1738, 158, 8, 1.00, 1000.00, 63500.00, 63500.0000),
(1847, 159, 1, 1.00, 2.00, 69000.00, 69000.0000),
(1848, 160, 1, 1.00, 2.00, 69000.00, 69000.0000),
(1849, 161, 1, 1.00, 2.00, 69000.00, 69000.0000),
(1850, 162, 1, 1.00, 2.00, 69000.00, 69000.0000),
(1851, 163, 1, 1.00, 2.00, 69000.00, 69000.0000),
(1852, 164, 1, 1.00, 2.00, 69000.00, 69000.0000),
(1853, 159, 2, 3.00, 10.00, 83000.00, 23000.0000),
(1854, 160, 2, 3.00, 10.00, 83000.00, 23000.0000),
(1855, 161, 2, 3.00, 10.00, 83000.00, 23000.0000),
(1856, 162, 2, 3.00, 10.00, 83000.00, 23000.0000),
(1857, 163, 2, 3.00, 10.00, 83000.00, 23000.0000),
(1858, 164, 2, 3.00, 10.00, 83000.00, 23000.0000),
(1859, 159, 4, 1.00, 50.00, 49500.00, 49500.0000),
(1860, 160, 4, 1.00, 50.00, 49500.00, 49500.0000),
(1861, 161, 4, 1.00, 50.00, 49500.00, 49500.0000),
(1862, 162, 4, 1.00, 50.00, 49500.00, 49500.0000),
(1863, 163, 4, 1.00, 50.00, 49500.00, 49500.0000),
(1864, 164, 4, 1.00, 50.00, 49500.00, 49500.0000),
(1865, 159, 6, 1.00, 3.00, 69000.00, 69000.0000),
(1866, 160, 6, 1.00, 3.00, 69000.00, 69000.0000),
(1867, 161, 6, 1.00, 3.00, 69000.00, 69000.0000),
(1868, 162, 6, 1.00, 3.00, 69000.00, 69000.0000),
(1869, 163, 6, 1.00, 3.00, 69000.00, 69000.0000),
(1870, 164, 6, 1.00, 3.00, 69000.00, 69000.0000),
(1871, 159, 1, 11.00, 50.00, 0.00, 69000.0000),
(1872, 160, 1, 11.00, 50.00, 0.00, 69000.0000),
(1873, 161, 1, 11.00, 50.00, 0.00, 69000.0000),
(1874, 162, 1, 11.00, 50.00, 0.00, 69000.0000),
(1875, 163, 1, 11.00, 50.00, 0.00, 69000.0000),
(1876, 164, 1, 11.00, 50.00, 0.00, 69000.0000),
(1877, 159, 7, 1.00, 1000.00, 50500.00, 50500.0000),
(1878, 160, 7, 1.00, 1000.00, 50500.00, 50500.0000),
(1879, 161, 7, 1.00, 1000.00, 50500.00, 50500.0000),
(1880, 162, 7, 1.00, 1000.00, 50500.00, 50500.0000),
(1881, 163, 7, 1.00, 1000.00, 50500.00, 50500.0000),
(1882, 164, 7, 1.00, 1000.00, 50500.00, 50500.0000),
(1883, 159, 8, 1.00, 1000.00, 71500.00, 71500.0000),
(1884, 160, 8, 1.00, 1000.00, 71500.00, 71500.0000),
(1885, 161, 8, 1.00, 1000.00, 71500.00, 71500.0000),
(1886, 162, 8, 1.00, 1000.00, 71500.00, 71500.0000),
(1887, 163, 8, 1.00, 1000.00, 71500.00, 71500.0000),
(1888, 164, 8, 1.00, 1000.00, 71500.00, 71500.0000),
(1997, 45, 8, 1.00, 70.00, 0.00, 67500.0000),
(1998, 46, 8, 1.00, 70.00, 0.00, 67500.0000),
(1999, 48, 8, 1.00, 70.00, 0.00, 67500.0000),
(2000, 48, 8, 1.00, 70.00, 0.00, 67500.0000),
(2001, 49, 8, 1.00, 70.00, 0.00, 67500.0000),
(2002, 50, 8, 1.00, 70.00, 0.00, 67500.0000),
(2003, 51, 8, 1.00, 70.00, 0.00, 67500.0000),
(2004, 52, 8, 1.00, 70.00, 0.00, 67500.0000),
(2005, 53, 8, 1.00, 70.00, 0.00, 67500.0000),
(2006, 45, 8, 71.00, 100.00, 0.00, 92500.0000),
(2007, 46, 8, 71.00, 100.00, 0.00, 92500.0000),
(2008, 48, 8, 71.00, 100.00, 0.00, 92500.0000),
(2009, 48, 8, 71.00, 100.00, 0.00, 92500.0000),
(2010, 49, 8, 71.00, 100.00, 0.00, 92500.0000),
(2011, 50, 8, 71.00, 100.00, 0.00, 92500.0000),
(2012, 51, 8, 71.00, 100.00, 0.00, 92500.0000),
(2013, 52, 8, 71.00, 100.00, 0.00, 92500.0000),
(2014, 53, 8, 71.00, 100.00, 0.00, 92500.0000),
(2015, 45, 8, 101.00, 150.00, 0.00, 117500.0000),
(2016, 46, 8, 101.00, 150.00, 0.00, 117500.0000),
(2017, 48, 8, 101.00, 150.00, 0.00, 117500.0000),
(2018, 48, 8, 101.00, 150.00, 0.00, 117500.0000),
(2019, 49, 8, 101.00, 150.00, 0.00, 117500.0000),
(2020, 50, 8, 101.00, 150.00, 0.00, 117500.0000),
(2021, 51, 8, 101.00, 150.00, 0.00, 117500.0000),
(2022, 52, 8, 101.00, 150.00, 0.00, 117500.0000),
(2023, 53, 8, 101.00, 150.00, 0.00, 117500.0000),
(2024, 45, 8, 151.00, 400.00, 0.00, 167500.0000),
(2025, 46, 8, 151.00, 400.00, 0.00, 167500.0000),
(2026, 48, 8, 151.00, 400.00, 0.00, 167500.0000),
(2027, 48, 8, 151.00, 400.00, 0.00, 167500.0000),
(2028, 49, 8, 151.00, 400.00, 0.00, 167500.0000),
(2029, 50, 8, 151.00, 400.00, 0.00, 167500.0000),
(2030, 51, 8, 151.00, 400.00, 0.00, 167500.0000),
(2031, 52, 8, 151.00, 400.00, 0.00, 167500.0000),
(2032, 53, 8, 151.00, 400.00, 0.00, 167500.0000),
(2033, 45, 8, 401.00, 1000.00, 0.00, 67500.0000),
(2034, 46, 8, 401.00, 1000.00, 0.00, 67500.0000),
(2035, 48, 8, 401.00, 1000.00, 0.00, 67500.0000),
(2036, 48, 8, 401.00, 1000.00, 0.00, 67500.0000),
(2037, 49, 8, 401.00, 1000.00, 0.00, 67500.0000),
(2038, 50, 8, 401.00, 1000.00, 0.00, 67500.0000),
(2039, 51, 8, 401.00, 1000.00, 0.00, 67500.0000),
(2040, 52, 8, 401.00, 1000.00, 0.00, 67500.0000),
(2041, 53, 8, 401.00, 1000.00, 0.00, 67500.0000),
(2042, 45, 7, 1.00, 70.00, 56000.00, 56000.0000),
(2043, 46, 7, 1.00, 70.00, 56000.00, 56000.0000),
(2044, 47, 7, 1.00, 70.00, 56000.00, 56000.0000),
(2045, 48, 7, 1.00, 70.00, 56000.00, 56000.0000),
(2046, 49, 7, 1.00, 70.00, 56000.00, 56000.0000),
(2047, 50, 7, 1.00, 70.00, 56000.00, 56000.0000),
(2048, 51, 7, 1.00, 70.00, 56000.00, 56000.0000),
(2049, 52, 7, 1.00, 70.00, 56000.00, 56000.0000),
(2050, 53, 7, 1.00, 70.00, 56000.00, 56000.0000),
(2051, 45, 7, 71.00, 100.00, 0.00, 76225.6000),
(2052, 46, 7, 71.00, 100.00, 0.00, 76225.6000),
(2053, 47, 7, 71.00, 100.00, 0.00, 76225.6000),
(2054, 48, 7, 71.00, 100.00, 0.00, 76225.6000),
(2055, 49, 7, 71.00, 100.00, 0.00, 76225.6000),
(2056, 50, 7, 71.00, 100.00, 0.00, 76225.6000),
(2057, 51, 7, 71.00, 100.00, 0.00, 76225.6000),
(2058, 52, 7, 71.00, 100.00, 0.00, 76225.6000),
(2059, 53, 7, 71.00, 100.00, 0.00, 76225.6000),
(2060, 45, 7, 101.00, 150.00, 0.00, 96475.0000),
(2061, 46, 7, 101.00, 150.00, 0.00, 96475.0000),
(2062, 47, 7, 101.00, 150.00, 0.00, 96475.0000),
(2063, 48, 7, 101.00, 150.00, 0.00, 96475.0000),
(2064, 49, 7, 101.00, 150.00, 0.00, 96475.0000),
(2065, 50, 7, 101.00, 150.00, 0.00, 96475.0000),
(2066, 51, 7, 101.00, 150.00, 0.00, 96475.0000),
(2067, 52, 7, 101.00, 150.00, 0.00, 96475.0000),
(2068, 53, 7, 101.00, 150.00, 0.00, 96475.0000),
(2069, 45, 7, 151.00, 400.00, 0.00, 136975.0000),
(2070, 46, 7, 151.00, 400.00, 0.00, 136975.0000),
(2071, 47, 7, 151.00, 400.00, 0.00, 136975.0000),
(2072, 48, 7, 151.00, 400.00, 0.00, 136975.0000),
(2073, 49, 7, 151.00, 400.00, 0.00, 136975.0000),
(2074, 50, 7, 151.00, 400.00, 0.00, 136975.0000),
(2075, 51, 7, 151.00, 400.00, 0.00, 136975.0000),
(2076, 52, 7, 151.00, 400.00, 0.00, 136975.0000),
(2077, 53, 7, 151.00, 400.00, 0.00, 136975.0000),
(2078, 45, 7, 401.00, 1000.00, 0.00, 56000.0000),
(2079, 46, 7, 401.00, 1000.00, 0.00, 56000.0000),
(2080, 47, 7, 401.00, 1000.00, 0.00, 56000.0000),
(2081, 48, 7, 401.00, 1000.00, 0.00, 56000.0000),
(2082, 49, 7, 401.00, 1000.00, 0.00, 56000.0000),
(2083, 50, 7, 401.00, 1000.00, 0.00, 56000.0000),
(2084, 51, 7, 401.00, 1000.00, 0.00, 56000.0000),
(2085, 52, 7, 401.00, 1000.00, 0.00, 56000.0000),
(2086, 53, 7, 401.00, 1000.00, 0.00, 56000.0000);

-- --------------------------------------------------------

--
-- Table structure for table `kecamatan`
--

CREATE TABLE `kecamatan` (
  `id_kecamatan` int(11) NOT NULL,
  `id_kota` int(11) DEFAULT NULL,
  `nama_kecamatan` varchar(100) NOT NULL
) ENGINE=InnoDB DEFAULT CHARSET=utf8mb4 COLLATE=utf8mb4_general_ci;

--
-- Dumping data for table `kecamatan`
--

INSERT INTO `kecamatan` (`id_kecamatan`, `id_kota`, `nama_kecamatan`) VALUES
(1, 1, 'Johan Pahlawan'),
(2, 1, 'Samatiga'),
(3, 1, 'Bubon'),
(4, 1, 'Arongan Lambalek'),
(5, 1, 'Woyla'),
(6, 1, 'Woyla Barat'),
(7, 1, 'Woyla Timur'),
(8, 1, 'Kaway XVI'),
(9, 1, 'Meureubo'),
(10, 1, 'Pante Ceureumen'),
(11, 1, 'Panton Reu'),
(12, 1, 'Sungai Mas'),
(13, 2, 'Babah Rot'),
(14, 2, 'Jeumpa'),
(15, 2, 'Kuala Batee'),
(16, 2, 'Lembah Sabil'),
(17, 2, 'Manggeng'),
(18, 2, 'Setia'),
(19, 2, 'Susoh'),
(20, 2, 'Tangan-Tangan'),
(21, 2, 'Blangpidie'),
(22, 3, 'Darul Imarah'),
(23, 3, 'Darul Kamal'),
(24, 3, 'Darussalam'),
(25, 3, 'Indrapuri'),
(26, 3, 'Ingin Jaya'),
(27, 3, 'Kuta Baro'),
(28, 3, 'Kuta Cot Glie'),
(29, 3, 'Kuta Malaka'),
(30, 3, 'Leupung'),
(31, 3, 'Lhoknga'),
(32, 3, 'Lhoong'),
(33, 3, 'Mesjid Raya'),
(34, 3, 'Montasik'),
(35, 3, 'Peukan Bada'),
(36, 3, 'Pulo Aceh'),
(37, 3, 'Seulimeum'),
(38, 3, 'Simpang Tiga'),
(39, 3, 'Suka Makmur'),
(40, 3, 'Sungai Raya'),
(41, 3, 'Darul Kamal'),
(42, 3, 'Baitussalam'),
(43, 3, 'Krueng Barona Jaya'),
(44, 3, 'Blang Bintang'),
(45, 4, 'Teunom'),
(46, 4, 'Pasie Raya'),
(47, 4, 'Panga'),
(48, 4, 'Krueng Sabee'),
(49, 4, 'Setia Bakti'),
(50, 4, 'Sampoiniet'),
(51, 4, 'Darul Hikmah'),
(52, 4, 'Indra Jaya'),
(53, 4, 'Jaya'),
(54, 5, 'Bakongan'),
(55, 5, 'Bakongan Timur'),
(56, 5, 'Kluet Selatan'),
(57, 5, 'Kluet Tengah'),
(58, 5, 'Kluet Timur'),
(59, 5, 'Kluet Utara'),
(60, 5, 'Kota Bahagia'),
(61, 5, 'Labuhan Haji'),
(62, 5, 'Labuhan Haji Barat'),
(63, 5, 'Labuhan Haji Timur'),
(64, 5, 'Meukek'),
(65, 5, 'Pasie Raja'),
(66, 5, 'Sama Dua'),
(67, 5, 'Sawang'),
(68, 5, 'Tapaktuan'),
(69, 5, 'Trumon'),
(70, 5, 'Trumon Tengah'),
(71, 5, 'Trumon Timur'),
(72, 6, 'Danau Paris'),
(73, 6, 'Gunung Meriah'),
(74, 6, 'Kota Baharu'),
(75, 6, 'Kuala Baru'),
(76, 6, 'Pulau Banyak'),
(77, 6, 'Pulau Banyak Barat'),
(78, 6, 'Simpang Kanan'),
(79, 6, 'Singkil'),
(80, 6, 'Singkil Utara'),
(81, 6, 'Singkohor'),
(82, 6, 'Suro Makmur'),
(83, 7, 'Banda Mulia'),
(84, 7, 'Bandar Pusaka'),
(85, 7, 'Bendahara'),
(86, 7, 'Karang Baru'),
(87, 7, 'Kejuruan Muda'),
(88, 7, 'Kota Kuala Simpang'),
(89, 7, 'Manyak Payed'),
(90, 7, 'Rantau'),
(91, 7, 'Sekerak'),
(92, 7, 'Seruway'),
(93, 7, 'Tamiang Hulu'),
(94, 7, 'Tenggulun'),
(95, 8, 'Atu Lintang'),
(96, 8, 'Bebesen'),
(97, 8, 'Bies'),
(98, 8, 'Celala'),
(99, 8, 'Jagong Jeget'),
(100, 8, 'Ketol'),
(101, 8, 'Kute Panang'),
(102, 8, 'Laut Tawar'),
(103, 8, 'Lingge'),
(104, 8, 'Pegasing'),
(105, 8, 'Rusip Antara'),
(106, 8, 'Silih Nara'),
(107, 8, 'Timang Gajah'),
(108, 8, 'Bintang'),
(109, 9, 'Babussalam'),
(110, 9, 'Bambel'),
(111, 9, 'Babul Rahmah'),
(112, 9, 'Bukit Tusam'),
(113, 9, 'Darul Hasanah'),
(114, 9, 'Leuser'),
(115, 9, 'Lawe Alas'),
(116, 9, 'Lawe Bulan'),
(117, 9, 'Lawe Sigala-Gala'),
(118, 9, 'Semadam'),
(119, 9, 'Si Ramal Melayu'),
(120, 9, 'Tanah Pasir'),
(121, 10, 'Banda Alam'),
(122, 10, 'Darul Aman'),
(123, 10, 'Darul Falah'),
(124, 10, 'Darul Imarah'),
(125, 10, 'Darul Ihsan'),
(126, 10, 'Idi Tunong'),
(127, 10, 'Idi Rayeuk'),
(128, 10, 'Pante Bidari'),
(129, 10, 'Peureulak'),
(130, 10, 'Peureulak Timur'),
(131, 10, 'Peusangan'),
(132, 10, 'Peusangan Selatan'),
(133, 10, 'Peusangan Siblah Kuta'),
(134, 10, 'Ranto Peureulak'),
(135, 10, 'Simpang Jernih'),
(136, 10, 'Sungai Raya'),
(137, 10, 'Nurussalam'),
(138, 11, 'Baktiya'),
(139, 11, 'Baktiya Barat'),
(140, 11, 'Cot Girek'),
(141, 11, 'Cunda'),
(142, 11, 'Darul Aman'),
(143, 11, 'Dia'),
(144, 11, 'Kuta Makmur'),
(145, 11, 'Lapang'),
(146, 11, 'Lhoksukon'),
(147, 11, 'Matangkuli'),
(148, 11, 'Meranti'),
(149, 11, 'Nibong'),
(150, 11, 'Pirak Timur'),
(151, 11, 'Samudera'),
(152, 11, 'Sawang'),
(153, 11, 'Seunudon'),
(154, 11, 'Sawang'),
(155, 11, 'Tanah Jambo Aye'),
(156, 11, 'Tanah Luas'),
(157, 11, 'Tanjong'),
(158, 11, 'Tamiang Layang'),
(159, 12, 'Bukit'),
(160, 12, 'Permata'),
(161, 12, 'Pintu Rime Gayo'),
(162, 12, 'Syiah Utama'),
(163, 12, 'Timang Gajah'),
(164, 12, 'Wih Pesam'),
(165, 13, 'Jeunieb'),
(166, 13, 'Jeunib'),
(167, 13, 'Kota Juang'),
(168, 13, 'Jangka'),
(169, 13, 'Peusangan'),
(170, 13, 'Peusangan Selatan'),
(171, 13, 'Pandrah'),
(172, 13, 'Gandapura'),
(173, 13, 'Jangka'),
(174, 13, 'Makmur'),
(175, 13, 'Comonk'),
(176, 13, 'Simpang Mamplam'),
(177, 14, 'Blangkejeren'),
(178, 14, 'Dabun Gelang'),
(179, 14, 'Bundar'),
(180, 14, 'Pantan Cuaca'),
(181, 14, 'Terangun'),
(182, 14, 'Tripe Jaya'),
(183, 14, 'Putri Betung'),
(184, 14, 'Pining'),
(185, 14, 'Blangpegayon'),
(186, 15, 'Suka Makmue'),
(187, 15, 'Tripa Makmur'),
(188, 15, 'Beutong'),
(189, 15, 'Beutong Ateuh Banggalang'),
(190, 15, 'Kuala'),
(191, 15, 'Seunagan'),
(192, 15, 'Seunagan Timur'),
(193, 15, 'Kuala Pesisir'),
(194, 15, 'Teluk Dalam'),
(195, 16, 'Batee'),
(196, 16, 'Delima'),
(197, 16, 'Geumpang'),
(198, 16, 'Indrajaya'),
(199, 16, 'Kembang Tanjong'),
(200, 16, 'Keumala'),
(201, 16, 'Mutiara'),
(202, 16, 'Padang Tiji'),
(203, 16, 'Peukan Bada'),
(204, 16, 'Pidie'),
(205, 16, 'Pidie Jaya'),
(206, 16, 'Sakti'),
(207, 16, 'Simpang Tiga'),
(208, 16, 'Tangse'),
(209, 16, 'Tiro/Truseb'),
(210, 17, 'Banda Alam'),
(211, 17, 'Delima'),
(212, 17, 'Meurah'),
(213, 17, 'Meurah Selatan'),
(214, 17, 'Meurah Dua'),
(215, 17, 'Meurah Satu'),
(216, 17, 'Trienggadeng'),
(217, 17, 'Ulee Kareng'),
(218, 18, 'Alafan'),
(219, 18, 'Salang'),
(220, 18, 'Simeulue Timur'),
(221, 18, 'Simeulue Tengah'),
(222, 18, 'Simeulue Barat'),
(223, 18, 'Simeulue Cut'),
(224, 18, 'Teupah Barat'),
(225, 18, 'Teupah Selatan'),
(226, 18, 'Teluk Dalam'),
(227, 19, 'Baiturrahman'),
(228, 19, 'Meuraxa'),
(229, 19, 'Kuta Alam'),
(230, 19, 'Ulee Kareng'),
(231, 19, 'Jaya Baru'),
(232, 19, 'Kuta Raja'),
(233, 19, 'Lueng Bata'),
(234, 19, 'Ulee Kareng'),
(235, 19, 'Syiah Kuala'),
(236, 19, 'Kuta Alam'),
(237, 20, 'Langsa Barat'),
(238, 20, 'Langsa Kota'),
(239, 20, 'Langsa Lama'),
(240, 20, 'Langsa Timur'),
(241, 20, 'Langsa Baro'),
(242, 21, 'Muara Dua'),
(243, 21, 'Blang Mangat'),
(244, 21, 'Muara Satu'),
(245, 21, 'Banda Sakti'),
(246, 22, 'Sukajaya'),
(247, 22, 'Sukakarya'),
(248, 22, 'Sukaraja'),
(249, 22, 'Sukakarya'),
(250, 22, 'Sukajaya'),
(251, 23, 'Penanggalan'),
(252, 23, 'Longkib'),
(253, 23, 'Simpang Kabu'),
(254, 23, 'Sultan Daulat'),
(255, 23, 'Rundeng'),
(256, 23, 'Rantau Panjang'),
(257, 23, 'Longkip'),
(258, 24, 'Aek Kuasan'),
(259, 24, 'Aek Ledong'),
(260, 24, 'Aek Songsongan'),
(261, 24, 'Air Batu'),
(262, 24, 'Air Joman'),
(263, 24, 'Bandar Pasir Mandoge'),
(264, 24, 'Bandar Pulau'),
(265, 24, 'Buntu Pane'),
(266, 24, 'Kota Kisaran Barat'),
(267, 24, 'Kota Kisaran Timur'),
(268, 24, 'Meranti'),
(269, 24, 'Pulau Rakyat'),
(270, 24, 'Rahuning'),
(271, 24, 'Rawang Panca Arga'),
(272, 24, 'Sei Dadap'),
(273, 24, 'Sei Kepayang'),
(274, 24, 'Sei Kepayang Barat'),
(275, 24, 'Sei Kepayang Timur'),
(276, 24, 'Setia Janji'),
(277, 24, 'Silau Laut'),
(278, 24, 'Simpang Empat'),
(279, 24, 'Tanjung Balai'),
(280, 24, 'Teluk Dalam'),
(281, 24, 'Tinggi Raja'),
(282, 25, 'Air Putih'),
(283, 25, 'Datuk Lima Puluh'),
(284, 25, 'Datuk Tanah Datar'),
(285, 25, 'Laut Tador'),
(286, 25, 'Lima Puluh'),
(287, 25, 'Lima Puluh Pesisir'),
(288, 25, 'Medang Deras'),
(289, 25, 'Nibung Hangus'),
(290, 25, 'Sei Balai'),
(291, 25, 'Sei Suka'),
(292, 25, 'Talawi'),
(293, 25, 'Tanjung Tiram'),
(294, 26, 'Berampu'),
(295, 26, 'Gunung Sitember'),
(296, 26, 'Lae Parira'),
(297, 26, 'Parbuluan'),
(298, 26, 'Pegagan Hilir'),
(299, 26, 'Sidikalang'),
(300, 26, 'Siempat Nempu'),
(301, 26, 'Siempat Nempu Hilir'),
(302, 26, 'Siempat Nempu Hulu'),
(303, 26, 'Silahisabungan'),
(304, 26, 'Silima Pungga Pungga'),
(305, 26, 'Sitinjo'),
(306, 26, 'Sumbul'),
(307, 26, 'Tanah Pinem'),
(308, 26, 'Tigalingga'),
(309, 27, 'Bangun Purba'),
(310, 27, 'Batang Kuis'),
(311, 27, 'Beringin'),
(312, 27, 'BiruBiru'),
(313, 27, 'Delitua'),
(314, 27, 'Galang'),
(315, 27, 'Gunung Meriah'),
(316, 27, 'Hamparan Perak'),
(317, 27, 'Kutalimbaru'),
(318, 27, 'Labuhan Deli'),
(319, 27, 'Lubuk Pakam'),
(320, 27, 'Namorambe'),
(321, 27, 'Pagar Merbau'),
(322, 27, 'Pancur Batu'),
(323, 27, 'Pantai Labu'),
(324, 27, 'Petapahan'),
(325, 27, 'Sibolangit'),
(326, 27, 'Sinembah Tanjung Muda Hulu'),
(327, 27, 'Sinembah Tanjung Muda Hilir'),
(328, 28, 'Baktiraja'),
(329, 28, 'Dolok Sanggul'),
(330, 28, 'Lintong Nihuta'),
(331, 28, 'Onan Ganjang'),
(332, 28, 'Pakkat'),
(333, 28, 'Paranginan'),
(334, 28, 'Parlilitan'),
(335, 28, 'Pollung'),
(336, 28, 'Sijamapolang'),
(337, 28, 'Tarabintang'),
(338, 29, 'Barusjahe'),
(339, 29, 'Berastagi'),
(340, 29, 'Dolat Rayat'),
(341, 29, 'Juhar'),
(342, 29, 'Kabanjahe'),
(343, 29, 'Kuta Buluh'),
(344, 29, 'Laubaleng'),
(345, 29, 'Mardingding'),
(346, 29, 'Merdeka'),
(347, 29, 'Merek'),
(348, 29, 'Payung'),
(349, 29, 'Simpang Empat'),
(350, 29, 'Tigabinanga'),
(351, 29, 'Tiganderket'),
(352, 29, 'Tigapanah'),
(353, 30, 'Bilah Barat'),
(354, 30, 'Bilah Hilir'),
(355, 30, 'Bilah Hulu'),
(356, 30, 'Panai Hilir'),
(357, 30, 'Panai Hulu'),
(358, 30, 'Panai Tengah'),
(359, 30, 'Rantau Selatan'),
(360, 30, 'Rantau Utara'),
(361, 31, 'Kampung Rakyat'),
(362, 31, 'Kotapinang'),
(363, 31, 'Silangkitang'),
(364, 31, 'Sungai Kanan'),
(365, 31, 'Torgamba'),
(366, 32, 'Aek Kuo'),
(367, 32, 'Aek Natas'),
(368, 32, 'Kualuh Hilir'),
(369, 32, 'Kualuh Hulu'),
(370, 32, 'Kualuh Leidong'),
(371, 32, 'Kualuh Selatan'),
(372, 32, 'Marbau'),
(373, 32, 'Na IXX'),
(374, 33, 'Babalan'),
(375, 33, 'Bahorok'),
(376, 33, 'Batang Serangan'),
(377, 33, 'Berandan Barat'),
(378, 33, 'Besitang'),
(379, 33, 'Binjai'),
(380, 33, 'Gebang'),
(381, 33, 'Hinai'),
(382, 33, 'Kuala'),
(383, 33, 'Kutambaru'),
(384, 33, 'Padang Tualang'),
(385, 33, 'Pangkalan Susu'),
(386, 33, 'Pematang Jaya'),
(387, 33, 'Salapian'),
(388, 33, 'Sawit Seberang'),
(389, 33, 'Secanggang'),
(390, 33, 'Sei Bingai'),
(391, 33, 'Sei Lepan'),
(392, 33, 'Sirapit'),
(393, 33, 'Stabat'),
(394, 33, 'Tanjung Pura'),
(395, 33, 'Wampu'),
(396, 34, 'Batahan'),
(397, 34, 'Batang Natal'),
(398, 34, 'Bukit Malintang'),
(399, 34, 'Huta Bargot'),
(400, 34, 'Kotanopan'),
(401, 34, 'Lembah Sorik Marapi'),
(402, 34, 'Lingga Bayu'),
(403, 34, 'Muara Batang Gadis'),
(404, 34, 'Muara Sipongi'),
(405, 34, 'Naga Juang'),
(406, 34, 'Natal'),
(407, 34, 'Pakantan'),
(408, 34, 'Panyabungan'),
(409, 34, 'Panyabungan Barat'),
(410, 34, 'Panyabungan Selatan'),
(411, 34, 'Panyabungan Timur'),
(412, 34, 'Panyabungan Utara'),
(413, 34, 'Puncak Sorik Marapi'),
(414, 34, 'Ranto Baek'),
(415, 34, 'Siabu'),
(416, 34, 'Sinunukan'),
(417, 34, 'Tambangan'),
(418, 34, 'Ulu Pungkut'),
(419, 35, 'Bawolato'),
(420, 35, 'Botomuzoi'),
(421, 35, 'Gido'),
(422, 35, 'Hiliduho'),
(423, 35, 'Hiliserangkai'),
(424, 35, 'Idanogawo'),
(425, 35, 'Ma\'u'),
(426, 35, 'Sogae\'adu'),
(427, 35, 'Somolomolo'),
(428, 35, 'Ulugawo'),
(429, 36, 'Sirombu'),
(430, 36, 'Lahomi'),
(431, 36, 'Ulu Moro\'o'),
(432, 36, 'Lolofitu Moi'),
(433, 36, 'Mandrehe Utara'),
(434, 36, 'Mandrehe'),
(435, 36, 'Mandrehe Barat'),
(436, 36, 'Moro\'o'),
(437, 37, 'Amandraya'),
(438, 37, 'Aramo'),
(439, 37, 'Boronadu'),
(440, 37, 'Fanayama'),
(441, 37, 'Gomo'),
(442, 37, 'Hibala'),
(443, 37, 'Hilimegai'),
(444, 37, 'Hilisalawaahe'),
(445, 37, 'Huruna'),
(446, 37, 'Idanotae'),
(447, 37, 'Lahusa'),
(448, 37, 'Lolomatua'),
(449, 37, 'Lolowau'),
(450, 37, 'Luahagundre Maniamolo'),
(451, 37, 'Maniamolo'),
(452, 37, 'Mazino'),
(453, 37, 'Mazo'),
(454, 37, 'O\'o\'u'),
(455, 37, 'Onohazumba'),
(456, 37, 'Onolalu'),
(457, 37, 'PulauPulau Batu'),
(458, 37, 'PulauPulau Batu Barat'),
(459, 37, 'PulauPulau Batu Timur'),
(460, 37, 'PulauPulau Batu Utara'),
(461, 37, 'Siduaori'),
(462, 37, 'Simuk'),
(463, 37, 'Somambawa'),
(464, 37, 'Susua'),
(465, 37, 'Tanah Masa'),
(466, 37, 'Teluk Dalam'),
(467, 37, 'Toma'),
(468, 37, 'Ulu Idanotae'),
(469, 37, 'Ulunoyo'),
(470, 37, 'Ulususua'),
(471, 37, 'Umbunasi'),
(472, 38, 'Afulu'),
(473, 38, 'Alasa'),
(474, 38, 'Alasa Talumuzoi'),
(475, 38, 'Lahewa'),
(476, 38, 'Lahewa Timur'),
(477, 38, 'Lotu'),
(478, 38, 'Namohalu Esiwa'),
(479, 38, 'Sawo'),
(480, 38, 'Sitolu Ori'),
(481, 38, 'Tugala Oyo'),
(482, 38, 'Tuhemberua'),
(483, 39, 'Aek Nabara Barumun'),
(484, 39, 'Barumun'),
(485, 39, 'Barumun Barat'),
(486, 39, 'Barumun Baru'),
(487, 39, 'Barumun Selatan'),
(488, 39, 'Barumun Tengah'),
(489, 39, 'Batang Lubu Sutam'),
(490, 39, 'Huristak'),
(491, 39, 'Huta Raja Tinggi'),
(492, 39, 'Lubuk Barumun'),
(493, 39, 'Sihapas Barumun'),
(494, 39, 'Sosa'),
(495, 39, 'Sosa Julu'),
(496, 39, 'Sosa Timur'),
(497, 39, 'Sosopan'),
(498, 39, 'Ulu Barumun'),
(499, 39, 'Ulu Sosa'),
(500, 40, 'Batang Onang'),
(501, 40, 'Dolok'),
(502, 40, 'Dolok Sigompulon'),
(503, 40, 'Halongonan'),
(504, 40, 'Halongonan Timur'),
(505, 40, 'Hulu Sihapas'),
(506, 40, 'Padang Bolak'),
(507, 40, 'Padang Bolak Julu'),
(508, 40, 'Padang Bolak Tenggara'),
(509, 40, 'Portibi'),
(510, 40, 'Simangambat'),
(511, 40, 'Ujung Batu'),
(512, 41, 'Kerajaan'),
(513, 41, 'Pagindar'),
(514, 41, 'Pergetteng Getteng Sengkut'),
(515, 41, 'Salak'),
(516, 41, 'Siempat Rube'),
(517, 41, 'Sitellu Tali Urang Jehe'),
(518, 41, 'Sitellu Tali Urang Julu'),
(519, 41, 'Tinada'),
(520, 42, 'Harian'),
(521, 42, 'Nainggolan'),
(522, 42, 'Onan Runggu'),
(523, 42, 'Palipi'),
(524, 42, 'Pangururan'),
(525, 42, 'Ronggur Nihuta'),
(526, 42, 'Sianjur Mulamula'),
(527, 42, 'Simanindo'),
(528, 42, 'Sitio-tio'),
(529, 43, 'Bandar Khalipah'),
(530, 43, 'Bintang Bayu'),
(531, 43, 'Dolok Masihul'),
(532, 43, 'Dolok Merawan'),
(533, 43, 'Kotarih'),
(534, 43, 'Pantai Cermin'),
(535, 43, 'Pegajahan'),
(536, 43, 'Perbaungan'),
(537, 43, 'Sei Bamban'),
(538, 43, 'Sei Rampah'),
(539, 43, 'Serba Jadi'),
(540, 43, 'Silinda'),
(541, 43, 'Sipispis'),
(542, 43, 'Tanjung Beringin'),
(543, 43, 'Tebing Syahbandar'),
(544, 43, 'Tebing Tinggi'),
(545, 43, 'Teluk Mengkudu'),
(546, 44, 'Bandar'),
(547, 44, 'Bandar Huluan'),
(548, 44, 'Bandar Masilam'),
(549, 44, 'Bosar Maligas'),
(550, 44, 'Dolog Masagal'),
(551, 44, 'Dolok Batu Nanggar'),
(552, 44, 'Dolok Panribuan'),
(553, 44, 'Dolok Pardamean'),
(554, 44, 'Dolok Silau'),
(555, 44, 'Girsang Sipangan Bolon'),
(556, 44, 'Gunung Malela'),
(557, 44, 'Gunung Maligas'),
(558, 44, 'Haranggaol Horison'),
(559, 44, 'Hatonduhan'),
(560, 44, 'Huta Bayu Raja'),
(561, 44, 'Jawa Maraja Bah Jambi'),
(562, 44, 'Jorlang Hataran'),
(563, 44, 'Panei'),
(564, 44, 'Pamatang Silima Huta'),
(565, 44, 'Panombeian Panei'),
(566, 44, 'Pematang Bandar'),
(567, 44, 'Pematang Sidamanik'),
(568, 44, 'Purba'),
(569, 44, 'Raya'),
(570, 44, 'Raya Kahean'),
(571, 44, 'Siantar'),
(572, 44, 'Sidamanik'),
(573, 44, 'Silimakuta'),
(574, 44, 'Silau Kahean'),
(575, 44, 'Tanah Jawa'),
(576, 44, 'Tapian Dolok'),
(577, 44, 'Ujung Padang'),
(578, 45, 'Angkola Barat'),
(579, 45, 'Angkola Sangkunur'),
(580, 45, 'Angkola Selatan'),
(581, 45, 'Angkola Timur'),
(582, 45, 'Batang Angkola'),
(583, 45, 'Batang Toru'),
(584, 45, 'Muara Batang Toru'),
(585, 45, 'Marancar'),
(586, 45, 'Saipar Dolok Hole'),
(587, 45, 'Sayur Matinggi'),
(588, 45, 'Sipirok'),
(589, 45, 'Tano Tombangan Angkola'),
(590, 45, 'Arse'),
(591, 45, 'Aek Bilah'),
(592, 45, 'Aek Nabara Barumun'),
(593, 46, 'Andam Dewi'),
(594, 46, 'Badiri'),
(595, 46, 'Barus'),
(596, 46, 'Kolang'),
(597, 46, 'Lumut'),
(598, 46, 'Manduamas'),
(599, 46, 'Pasaribu Tobing'),
(600, 46, 'Pinangsori'),
(601, 46, 'Sarudik'),
(602, 46, 'Sibabangun'),
(603, 46, 'Sirandorung'),
(604, 46, 'Sitahuis'),
(605, 46, 'Sosor Gadong'),
(606, 46, 'Sorkam'),
(607, 46, 'Sorkam Barat'),
(608, 46, 'Sukabangun'),
(609, 46, 'Tukka'),
(610, 46, 'Tapian Nauli'),
(611, 46, 'Pandan'),
(612, 46, 'Barus Utara'),
(613, 47, 'Adiankoting'),
(614, 47, 'Garoga'),
(615, 47, 'Muara'),
(616, 47, 'Pagaran'),
(617, 47, 'Pangaribuan'),
(618, 47, 'Parmonangan'),
(619, 47, 'Pahae Jae'),
(620, 47, 'Pahae Padang'),
(621, 47, 'Purba Tua'),
(622, 47, 'Siborongborong'),
(623, 47, 'Sipahutar'),
(624, 47, 'Sipoholon'),
(625, 47, 'Tarutung'),
(626, 47, 'Simangumban'),
(627, 47, 'Siatas Barita'),
(628, 48, 'Ajibata'),
(629, 48, 'Balige'),
(630, 48, 'Bonatua Lunasi'),
(631, 48, 'Borbor'),
(632, 48, 'Habinsaran'),
(633, 48, 'Laguboti'),
(634, 48, 'Lumban Julu'),
(635, 48, 'Nassau'),
(636, 48, 'Parmaksian'),
(637, 48, 'Pintu Pohan Meranti'),
(638, 48, 'Porsea'),
(639, 48, 'Siantar Narumonda'),
(640, 48, 'Sigumpar'),
(641, 48, 'Silaen'),
(642, 48, 'Tampahan'),
(643, 48, 'Uluan'),
(644, 49, 'Binjai Barat'),
(645, 49, 'Binjai Kota'),
(646, 49, 'Binjai Selatan'),
(647, 49, 'Binjai Timur'),
(648, 49, 'Binjai Utara'),
(649, 50, 'Gunungsitoli'),
(650, 50, 'Gunungsitoli Alooa'),
(651, 50, 'Gunungsitoli Barat'),
(652, 50, 'Gunungsitoli Idanoi'),
(653, 50, 'Gunungsitoli Selatan'),
(654, 50, 'Gunungsitoli Utara'),
(655, 51, 'Medan Amplas'),
(656, 51, 'Medan Area'),
(657, 51, 'Medan Barat'),
(658, 51, 'Medan Baru'),
(659, 51, 'Medan Belawan'),
(660, 51, 'Medan Deli'),
(661, 51, 'Medan Denai'),
(662, 51, 'Medan Helvetia'),
(663, 51, 'Medan Johor'),
(664, 51, 'Medan Kota'),
(665, 51, 'Medan Labuhan'),
(666, 51, 'Medan Maimun'),
(667, 51, 'Medan Marelan'),
(668, 51, 'Medan Perjuangan'),
(669, 51, 'Medan Petisah'),
(670, 51, 'Medan Polonia'),
(671, 51, 'Medan Selayang'),
(672, 51, 'Medan Sunggal'),
(673, 51, 'Medan Tembung'),
(674, 51, 'Medan Timur'),
(675, 51, 'Medan Tuntungan'),
(676, 52, 'Padangsidimpuan Angkola Julu'),
(677, 52, 'Padangsidimpuan Batunadua'),
(678, 52, 'Padangsidimpuan Hutaimbaru'),
(679, 52, 'Padangsidimpuan Selatan'),
(680, 52, 'Padangsidimpuan Tenggara'),
(681, 52, 'Padangsidimpuan Utara'),
(682, 53, 'Siantar Barat'),
(683, 53, 'Siantar Marihat'),
(684, 53, 'Siantar Marimbun'),
(685, 53, 'Siantar Martoba'),
(686, 53, 'Siantar Selatan'),
(687, 53, 'Siantar Sitalasari'),
(688, 53, 'Siantar Timur'),
(689, 53, 'Siantar Utara'),
(690, 54, 'Sibolga Kota'),
(691, 54, 'Sibolga Sambas'),
(692, 54, 'Sibolga Selatan'),
(693, 54, 'Sibolga Utara'),
(694, 55, 'Datuk Bandar'),
(695, 55, 'Datuk Bandar Timur'),
(696, 55, 'Sei Tualang Raso'),
(697, 55, 'Tanjungbalai Selatan'),
(698, 55, 'Tanjungbalai Utara'),
(699, 55, 'Teluk Nibung'),
(700, 56, 'Bajenis'),
(701, 56, 'Padang Hilir'),
(702, 56, 'Padang Hulu'),
(703, 56, 'Rambutan'),
(704, 56, 'Tebing Tinggi Kota'),
(705, 57, 'IV Koto'),
(706, 57, 'Ampek Angkek'),
(707, 57, 'Ampek Nagari'),
(708, 57, 'Banuhampu'),
(709, 57, 'Baso'),
(710, 57, 'Candung'),
(711, 57, 'Kamang Magek'),
(712, 57, 'Lubuk Basung'),
(713, 57, 'Malalak'),
(714, 57, 'Matur'),
(715, 57, 'Palembayan'),
(716, 57, 'Palupuh'),
(717, 57, 'Sungai Pua'),
(718, 57, 'Tanjung Mutiara'),
(719, 57, 'Tanjung Raya'),
(720, 57, 'Tilatang Kamang'),
(721, 58, 'Asam Jujuhan'),
(722, 58, 'Koto Baru'),
(723, 58, 'Koto Besar'),
(724, 58, 'Koto Salak'),
(725, 58, 'Padang Laweh'),
(726, 58, 'Pulau Punjung'),
(727, 58, 'Sembilan Koto'),
(728, 58, 'Sitiung'),
(729, 58, 'Sungai Rumbai'),
(730, 58, 'Timpeh'),
(731, 58, 'Tiumang'),
(732, 59, 'Pagai Selatan'),
(733, 59, 'Pagai Utara'),
(734, 59, 'Siberut Barat'),
(735, 59, 'Siberut Barat Daya'),
(736, 59, 'Siberut Selatan'),
(737, 59, 'Siberut Tengah'),
(738, 59, 'Siberut Utara'),
(739, 59, 'Sikakap'),
(740, 59, 'Sipora Selatan'),
(741, 59, 'Sipora Utara'),
(742, 60, 'Akabiluru'),
(743, 60, 'Bukik Barisan'),
(744, 60, 'Guguak'),
(745, 60, 'Gunuang Omeh'),
(746, 60, 'Harau'),
(747, 60, 'Kapur IX'),
(748, 60, 'Lareh Sago Halaban'),
(749, 60, 'Luak'),
(750, 60, 'Mungka'),
(751, 60, 'Pangkalan Koto Baru'),
(752, 60, 'Payakumbuh'),
(753, 60, 'Situjuah Limo Nagari'),
(754, 60, 'Suliki'),
(755, 61, '2x11 Enam Lingkung'),
(756, 61, '2x11 Kayu Tanam'),
(757, 61, 'IV Koto Aur Malintang'),
(758, 61, 'V Koto Kampung Dalam'),
(759, 61, 'V Koto Timur'),
(760, 61, 'VII Koto Sungai Sarik'),
(761, 61, 'Batang Anai'),
(762, 61, 'Batang Gasan'),
(763, 61, 'Enam Lingkung'),
(764, 61, 'Lubuk Alung'),
(765, 61, 'Nan Sabaris'),
(766, 61, 'Padang Sago'),
(767, 61, 'Patamuan'),
(768, 61, 'Sintuk Toboh Gadang'),
(769, 61, 'Sungai Geringging'),
(770, 61, 'Sungai Limau'),
(771, 61, 'Ulakan Tapakis'),
(772, 62, 'Bonjol'),
(773, 62, 'Duo Koto'),
(774, 62, 'Lubuk Sikaping'),
(775, 62, 'Panti'),
(776, 62, 'Mapat Tunggul'),
(777, 62, 'Mapat Tunggul Selatan'),
(778, 62, 'Padang Gelugur'),
(779, 62, 'Rao'),
(780, 62, 'Rao Selatan'),
(781, 62, 'Rao Utara'),
(782, 62, 'Simpang Alahan Mati'),
(783, 62, 'Tigo Nagari'),
(784, 63, 'Gunung Tuleh'),
(785, 63, 'Kinali'),
(786, 63, 'Koto Balingka'),
(787, 63, 'Lembah Melintang'),
(788, 63, 'Luhak Nan Duo'),
(789, 63, 'Pasaman'),
(790, 63, 'Ranah Batahan'),
(791, 63, 'Sasak Ranah Pesisir'),
(792, 63, 'Sungai Aur'),
(793, 63, 'Sungai Beremas'),
(794, 63, 'Talamau'),
(795, 64, 'Airpura'),
(796, 64, 'Basa Ampek Balai Tapan'),
(797, 64, 'Batang Kapas'),
(798, 64, 'Bayang'),
(799, 64, 'IV Jurai'),
(800, 64, 'IV Nagari Bayang Utara'),
(801, 64, 'Koto XI Tarusan'),
(802, 64, 'Lengayang'),
(803, 64, 'Linggo Sari Baganti'),
(804, 64, 'Lunang'),
(805, 64, 'Pancung Soal'),
(806, 64, 'Ranah Ampek Hulu Tapan'),
(807, 64, 'Ranah Pesisir'),
(808, 64, 'Silaut'),
(809, 64, 'Sutera'),
(810, 65, 'IV Nagari'),
(811, 65, 'Kamang Baru'),
(812, 65, 'Koto VII'),
(813, 65, 'Kupitan'),
(814, 65, 'Lubuk Tarok'),
(815, 65, 'Sijunjung'),
(816, 65, 'Sumpur Kudus'),
(817, 65, 'Tanjung Gadang'),
(818, 66, 'Bukit Sundi'),
(819, 66, 'Danau Kembar'),
(820, 66, 'Gunung Talang'),
(821, 66, 'Hiliran Gumanti'),
(822, 66, 'IX Koto Sungai Lasi'),
(823, 66, 'Junjung Sirih'),
(824, 66, 'Kubung'),
(825, 66, 'Lembah Gumanti'),
(826, 66, 'Lembang Jaya'),
(827, 66, 'Pantai Cermin'),
(828, 66, 'Payung Sekaki'),
(829, 66, 'Tigo Lurah'),
(830, 66, 'X Koto Diatas'),
(831, 66, 'X Koto Singkarak'),
(832, 67, 'Koto Parik Gadang Diateh'),
(833, 67, 'Pauh Duo'),
(834, 67, 'Sangir'),
(835, 67, 'Sangir Balai Janggo'),
(836, 67, 'Sangir Batang Hari'),
(837, 67, 'Sangir Jujuan'),
(838, 67, 'Sungai Pagu'),
(839, 68, 'X Koto'),
(840, 68, 'Batipuh'),
(841, 68, 'Batipuh Selatan'),
(842, 68, 'Lima Kaum'),
(843, 68, 'Lintau Buo'),
(844, 68, 'Lintau Buo Utara'),
(845, 68, 'Padang Ganting'),
(846, 68, 'Pariangan'),
(847, 68, 'Rambatan'),
(848, 68, 'Salimpaung'),
(849, 68, 'Sungai Tarab'),
(850, 68, 'Sungayang'),
(851, 68, 'Tanjuang Baru'),
(852, 68, 'Tanjung Emas'),
(853, 69, 'Aur Birugo Tigo Baleh'),
(854, 69, 'Guguk Panjang'),
(855, 69, 'Mandiangin Koto Selayan'),
(856, 70, 'Bungus Teluk Kabung'),
(857, 70, 'Koto Tangah'),
(858, 70, 'Kuranji'),
(859, 70, 'Lubuk Begalung'),
(860, 70, 'Lubuk Kilangan'),
(861, 70, 'Nanggalo'),
(862, 70, 'Padang Barat'),
(863, 70, 'Padang Selatan'),
(864, 70, 'Padang Timur'),
(865, 70, 'Padang Utara'),
(866, 70, 'Pauh'),
(867, 71, 'Padang Panjang Barat'),
(868, 71, 'Padang Panjang Timur'),
(869, 72, 'Pariaman Selatan'),
(870, 72, 'Pariaman Tengah'),
(871, 72, 'Pariaman Timur'),
(872, 72, 'Pariaman Utara'),
(873, 73, 'Lamposi Tigo Nagori'),
(874, 73, 'Payakumbuh Barat'),
(875, 73, 'Payakumbuh Selatan'),
(876, 73, 'Payakumbuh Timur'),
(877, 73, 'Payakumbuh Utara'),
(878, 74, 'Barangin'),
(879, 74, 'Lembah Segar'),
(880, 74, 'Silungkang'),
(881, 74, 'Talawi'),
(882, 75, 'Lubuk Sikarah'),
(883, 75, 'Tanjung Harapan'),
(884, 76, 'Bantan'),
(885, 76, 'Bengkalis'),
(886, 76, 'Bukit Batu'),
(887, 76, 'Mandau'),
(888, 76, 'Pinggir'),
(889, 76, 'Rupat'),
(890, 76, 'Rupat Utara'),
(891, 76, 'Siak Kecil'),
(892, 76, 'Bandar Laksamana'),
(893, 76, 'Talang Muandau'),
(894, 76, 'Bathin Solapan'),
(895, 77, 'Batang Tuaka'),
(896, 77, 'Concong'),
(897, 77, 'Enok'),
(898, 77, 'Gaung'),
(899, 77, 'Gaung Anak Serka'),
(900, 77, 'Kateman'),
(901, 77, 'Kempas'),
(902, 77, 'Kemuning'),
(903, 77, 'Keritang'),
(904, 77, 'Kuala Indragiri'),
(905, 77, 'Mandah'),
(906, 77, 'Pelangiran'),
(907, 77, 'Pulau Burung'),
(908, 77, 'Reteh'),
(909, 77, 'Sungai Batang'),
(910, 77, 'Tanah Merah'),
(911, 77, 'Teluk Belengkong'),
(912, 77, 'Tembilahan'),
(913, 77, 'Tembilahan Hulu'),
(914, 77, 'Tempuling'),
(915, 78, 'Batang Cenaku'),
(916, 78, 'Batang Gansal'),
(917, 78, 'Batang Peranap'),
(918, 78, 'Kelayang'),
(919, 78, 'Kuala Cenaku'),
(920, 78, 'Lirik'),
(921, 78, 'Lubuk Batu Jaya'),
(922, 78, 'Pasir Penyu'),
(923, 78, 'Peranap'),
(924, 78, 'Rakit Kulim'),
(925, 78, 'Rengat'),
(926, 78, 'Rengat Barat'),
(927, 78, 'Seberida'),
(928, 78, 'Sungai Lala'),
(929, 79, 'XIII Koto Kampar'),
(930, 79, 'Bangkinang'),
(931, 79, 'Bangkinang Kota'),
(932, 79, 'Gunung Sahilan'),
(933, 79, 'Kampa'),
(934, 79, 'Kampar'),
(935, 79, 'Kampar Kiri'),
(936, 79, 'Kampar Kiri Hilir'),
(937, 79, 'Kampar Kiri Hulu'),
(938, 79, 'Kampar Kiri Tengah'),
(939, 79, 'Kampar Utara'),
(940, 79, 'Koto Kampar Hulu'),
(941, 79, 'Kuok'),
(942, 79, 'Perhentian Raja'),
(943, 79, 'Rumbio Jaya'),
(944, 79, 'Salo'),
(945, 79, 'Siak Hulu'),
(946, 79, 'Tambang'),
(947, 79, 'Tapung'),
(948, 79, 'Tapung Hilir'),
(949, 79, 'Tapung Hulu'),
(950, 80, 'Merbau'),
(951, 80, 'Pulau Merbau'),
(952, 80, 'Rangsang'),
(953, 80, 'Rangsang Barat'),
(954, 80, 'Rangsang Pesisir'),
(955, 80, 'Tasik Putri Puyu'),
(956, 80, 'Tebing Tinggi'),
(957, 80, 'Tebing Tinggi Barat'),
(958, 80, 'Tebing Tinggi Timur'),
(959, 81, 'Benai'),
(960, 81, 'Cerenti'),
(961, 81, 'Gunung Toar'),
(962, 81, 'Hulu Kuantan'),
(963, 81, 'Inuman'),
(964, 81, 'Kuantan Hilir'),
(965, 81, 'Kuantan Hilir Seberang'),
(966, 81, 'Kuantan Mudik'),
(967, 81, 'Kuantan Tengah'),
(968, 81, 'Logas Tanah Darat'),
(969, 81, 'Pangean'),
(970, 81, 'Pucuk Rantau'),
(971, 81, 'Sentajo Raya'),
(972, 81, 'Singingi'),
(973, 81, 'Singingi Hilir'),
(974, 82, 'Bandar Petalangan'),
(975, 82, 'Bandar Sei Kijang'),
(976, 82, 'Bunut'),
(977, 82, 'Kerumutan'),
(978, 82, 'Kuala Kampar'),
(979, 82, 'Langgam'),
(980, 82, 'Pangkalan Kerinci'),
(981, 82, 'Pangkalan Kuras'),
(982, 82, 'Pangkalan Lesung'),
(983, 82, 'Pelalawan'),
(984, 82, 'Teluk Meranti'),
(985, 82, 'Ukui'),
(986, 83, 'Bagan Sinembah'),
(987, 83, 'Bagan Sinembah Raya'),
(988, 83, 'Balai Jaya'),
(989, 83, 'Bangko'),
(990, 83, 'Bangko Pusako'),
(991, 83, 'Batu Hampar'),
(992, 83, 'Kubu'),
(993, 83, 'Kubu Babussalam'),
(994, 83, 'Pasir Limau Kapas'),
(995, 83, 'Pekaitan'),
(996, 83, 'Pujud'),
(997, 83, 'Rantau Kopar'),
(998, 83, 'Rimba Melintang'),
(999, 83, 'Simpang Kanan'),
(1000, 83, 'Sinaboi'),
(1001, 83, 'Tanah Putih'),
(1002, 83, 'Tanah Putih Tanjung Melawan'),
(1003, 83, 'Tanjung Medan'),
(1004, 84, 'Bangun Purba'),
(1005, 84, 'Bonai Darussalam'),
(1006, 84, 'Kabun'),
(1007, 84, 'Kepenuhan'),
(1008, 84, 'Kepenuhan Hulu'),
(1009, 84, 'Kunto Darussalam'),
(1010, 84, 'Pagaran Tapah Darussalam'),
(1011, 84, 'Pendalian IV Koto'),
(1012, 84, 'Rambah'),
(1013, 84, 'Rambah Hilir'),
(1014, 84, 'Rambah Samo'),
(1015, 84, 'Rokan IV Koto'),
(1016, 84, 'Tambusai'),
(1017, 84, 'Tambusai Utara'),
(1018, 84, 'Tandun'),
(1019, 84, 'Ujung Batu'),
(1020, 85, 'Bunga Raya'),
(1021, 85, 'Dayun'),
(1022, 85, 'Kandis'),
(1023, 85, 'Kerinci Kanan'),
(1024, 85, 'Koto Gasip'),
(1025, 85, 'Lubuk Dalam'),
(1026, 85, 'Mempura'),
(1027, 85, 'Minas'),
(1028, 85, 'Pusako'),
(1029, 85, 'Sabak Auh'),
(1030, 85, 'Siak'),
(1031, 85, 'Sungai Apit'),
(1032, 85, 'Sungai Mandau'),
(1033, 85, 'Tualang'),
(1034, 86, 'Bukit Kapur'),
(1035, 86, 'Dumai Barat'),
(1036, 86, 'Dumai Kota'),
(1037, 86, 'Dumai Selatan'),
(1038, 86, 'Dumai Timur'),
(1039, 86, 'Medang Kampai'),
(1040, 86, 'Sungai Sembilan'),
(1041, 87, 'Binawidya'),
(1042, 87, 'Bukit Raya'),
(1043, 87, 'Kulim'),
(1044, 87, 'Lima Puluh'),
(1045, 87, 'Marpoyan Damai'),
(1046, 87, 'Payung Sekaki'),
(1047, 87, 'Pekanbaru Kota'),
(1048, 87, 'Rumbai'),
(1049, 87, 'Rumbai Barat'),
(1050, 87, 'Rumbai Timur'),
(1051, 87, 'Sail'),
(1052, 87, 'Senapelan'),
(1053, 87, 'Sukajadi'),
(1054, 87, 'Tenayan Raya'),
(1055, 87, 'Tuah Madani'),
(1056, 88, 'Bintan Pesisir'),
(1057, 88, 'Bintan Timur'),
(1058, 88, 'Bintan Utara'),
(1059, 88, 'Gunung Kijang'),
(1060, 88, 'Mantang'),
(1061, 88, 'Seri Kuala Lobam'),
(1062, 88, 'Tambelan'),
(1063, 88, 'Teluk Sebong'),
(1064, 88, 'Teluk Bintan'),
(1065, 88, 'Toapaya'),
(1066, 89, 'Belat'),
(1067, 89, 'Buru'),
(1068, 89, 'Durai'),
(1069, 89, 'Karimun'),
(1070, 89, 'Kundur'),
(1071, 89, 'Kundur Barat'),
(1072, 89, 'Kundur Utara'),
(1073, 89, 'Meral'),
(1074, 89, 'Meral Barat'),
(1075, 89, 'Moro'),
(1076, 89, 'Selat Gelam'),
(1077, 89, 'Sugie Besar'),
(1078, 89, 'Tebing'),
(1079, 89, 'Ungar'),
(1080, 90, 'Jemaja'),
(1081, 90, 'Jemaja Barat'),
(1082, 90, 'Jemaja Timur'),
(1083, 90, 'Kute Siantan'),
(1084, 90, 'Palmatak'),
(1085, 90, 'Siantan'),
(1086, 90, 'Siantan Selatan'),
(1087, 90, 'Siantan Tengah'),
(1088, 90, 'Siantan Timur'),
(1089, 90, 'Siantan Utara'),
(1090, 91, 'Bakung Serumpun'),
(1091, 91, 'Katang Bidare'),
(1092, 91, 'Kepulauan Posek'),
(1093, 91, 'Lingga'),
(1094, 91, 'Lingga Timur'),
(1095, 91, 'Lingga Utara'),
(1096, 91, 'Selayar'),
(1097, 91, 'Senayang'),
(1098, 91, 'Singkep'),
(1099, 91, 'Singkep Barat'),
(1100, 91, 'Singkep Pesisir'),
(1101, 91, 'Singkep Selatan'),
(1102, 91, 'Temiang Pesisir'),
(1103, 92, 'Bunguran Barat'),
(1104, 92, 'Bunguran Batubi'),
(1105, 92, 'Bunguran Selatan'),
(1106, 92, 'Bunguran Tengah'),
(1107, 92, 'Bunguran Timur'),
(1108, 92, 'Bunguran Timur Laut'),
(1109, 92, 'Bunguran Utara'),
(1110, 92, 'Midai'),
(1111, 92, 'Pulau Laut'),
(1112, 92, 'Pulau Panjang'),
(1113, 92, 'Pulau Seluan'),
(1114, 92, 'Pulau Tiga'),
(1115, 92, 'Pulau Tiga Barat'),
(1116, 92, 'Serasan'),
(1117, 92, 'Serasan Timur'),
(1118, 92, 'Suak Midai'),
(1119, 92, 'Subi'),
(1120, 93, 'Batam Kota'),
(1121, 93, 'Batu Aji'),
(1122, 93, 'Batu Ampar'),
(1123, 93, 'Belakang Padang'),
(1124, 93, 'Bengkong'),
(1125, 93, 'Bulang'),
(1126, 93, 'Galang'),
(1127, 93, 'Lubuk Baja'),
(1128, 93, 'Nongsa'),
(1129, 93, 'Sagulung'),
(1130, 93, 'Sei Beduk'),
(1131, 93, 'Sekupang'),
(1132, 94, 'Bukit Bestari'),
(1133, 94, 'Tanjungpinang Barat'),
(1134, 94, 'Tanjungpinang Kota'),
(1135, 94, 'Tanjungpinang Timur'),
(1136, 95, 'Bajubang'),
(1137, 95, 'Batin XXIV'),
(1138, 95, 'Mersam'),
(1139, 95, 'Maro Sebo Ilir'),
(1140, 95, 'Maro Sebo Ulu'),
(1141, 95, 'Muara Tembesi'),
(1142, 95, 'Muara Bulian'),
(1143, 95, 'Pemayung'),
(1144, 96, 'Bathin II Babeko'),
(1145, 96, 'Bathin II Pelayang'),
(1146, 96, 'Bathin III'),
(1147, 96, 'Bathin III Ulu'),
(1148, 96, 'Bungo Dani'),
(1149, 96, 'Jujuhan'),
(1150, 96, 'Jujuhan Ilir'),
(1151, 96, 'Limbur Lubuk Mengkuang'),
(1152, 96, 'Muko-Muko Bathin VII'),
(1153, 96, 'Pasar Muara Bungo'),
(1154, 96, 'Pelepat'),
(1155, 96, 'Pelepat Ilir'),
(1156, 96, 'Rantau Pandan'),
(1157, 96, 'Rimbo Tengah'),
(1158, 96, 'Tanah Sepenggal'),
(1159, 96, 'Tanah Sepenggal Lintas'),
(1160, 96, 'Tanah Tumbuh'),
(1161, 97, 'Air Hangat'),
(1162, 97, 'Air Hangat Barat'),
(1163, 97, 'Air Hangat Timur'),
(1164, 97, 'Batang Merangin'),
(1165, 97, 'Bukit Kerman'),
(1166, 97, 'Danau Kerinci'),
(1167, 97, 'Danau Kerinci Barat'),
(1168, 97, 'Depati Tujuh'),
(1169, 97, 'Gunung Kerinci'),
(1170, 97, 'Gunung Raya'),
(1171, 97, 'Gunung Tujuh'),
(1172, 97, 'Kayu Aro'),
(1173, 97, 'Kayu Aro Barat'),
(1174, 97, 'Keliling Danau'),
(1175, 97, 'Sitinjau Laut'),
(1176, 97, 'Siulak'),
(1177, 97, 'Siulak Mukai'),
(1178, 97, 'Tanah Cogok'),
(1179, 98, 'Bangko'),
(1180, 98, 'Bangko Barat'),
(1181, 98, 'Batang Masumai'),
(1182, 98, 'Jangkat'),
(1183, 98, 'Jangkat Timur'),
(1184, 98, 'Lembah Masurai'),
(1185, 98, 'Margo Tabir'),
(1186, 98, 'Muara Siau'),
(1187, 98, 'Nalo Tantan'),
(1188, 98, 'Pamenang'),
(1189, 98, 'Pamenang Barat'),
(1190, 98, 'Pamenang Selatan'),
(1191, 98, 'Pangkalan Jambu'),
(1192, 98, 'Renah Pembarap'),
(1193, 98, 'Renah Pamenang'),
(1194, 98, 'Sungai Manau'),
(1195, 98, 'Tabir'),
(1196, 98, 'Tabir Barat'),
(1197, 98, 'Tabir Ilir'),
(1198, 98, 'Tabir Lintas'),
(1199, 98, 'Tabir Selatan'),
(1200, 98, 'Tabir Timur'),
(1201, 98, 'Tabir Ulu'),
(1202, 98, 'Tiang Pumpung'),
(1203, 99, 'Bahar Selatan'),
(1204, 99, 'Bahar Utara'),
(1205, 99, 'Jambi Luar Kota'),
(1206, 99, 'Kumpeh'),
(1207, 99, 'Kumpeh Ulu'),
(1208, 99, 'Maro Sebo'),
(1209, 99, 'Mestong'),
(1210, 99, 'Sekernan'),
(1211, 99, 'Sungai Bahar'),
(1212, 99, 'Sungai Gelam'),
(1213, 99, 'Taman Rajo'),
(1214, 100, 'Batang Asai'),
(1215, 100, 'Limun'),
(1216, 100, 'Kota Sarolangun'),
(1217, 100, 'Pauh'),
(1218, 100, 'Pelawan'),
(1219, 100, 'Mandiangin'),
(1220, 100, 'Air Hitam'),
(1221, 100, 'Bathin VIII'),
(1222, 100, 'Singkut'),
(1223, 100, 'Cermin Nan Gedang'),
(1224, 100, 'Mandiangin Timur'),
(1225, 101, 'Batang Asam'),
(1226, 101, 'Betara'),
(1227, 101, 'Bram Itam'),
(1228, 101, 'Kuala Betara'),
(1229, 101, 'Merlung'),
(1230, 101, 'Muara Papalik'),
(1231, 101, 'Pengabuan'),
(1232, 101, 'Renah Mendaluh'),
(1233, 101, 'Seberang Kota'),
(1234, 101, 'Senyerang'),
(1235, 101, 'Tebing Tinggi'),
(1236, 101, 'Tungkal Ilir'),
(1237, 102, 'Dendang'),
(1238, 102, 'Geragai'),
(1239, 102, 'Kuala Jambi'),
(1240, 102, 'Mendahara'),
(1241, 102, 'Mendahara Ulu'),
(1242, 102, 'Muara Sabak Barat'),
(1243, 102, 'Muara Sabak Timur'),
(1244, 102, 'Nipah Panjang'),
(1245, 102, 'Rantau Rasau'),
(1246, 102, 'Sadu'),
(1247, 103, 'Rimbo Bujang'),
(1248, 103, 'Rimbo Ilir'),
(1249, 103, 'Rimbo Ulu'),
(1250, 103, 'Serai Serumpun'),
(1251, 103, 'Sumay'),
(1252, 103, 'Tebo Ilir'),
(1253, 103, 'Tebo Tengah'),
(1254, 103, 'Tebo Ulu'),
(1255, 103, 'Tengah Ilir'),
(1256, 103, 'VII Koto'),
(1257, 103, 'VII Koto Ilir'),
(1258, 104, 'Alam Barajo'),
(1259, 104, 'Danau Sipin'),
(1260, 104, 'Danau Teluk'),
(1261, 104, 'Jelutung'),
(1262, 104, 'Jambi Selatan'),
(1263, 104, 'Jambi Timur'),
(1264, 104, 'Kota Baru'),
(1265, 104, 'Paal Merah'),
(1266, 104, 'Pasar Jambi'),
(1267, 104, 'Pelayangan'),
(1268, 104, 'Telanaipura'),
(1269, 105, 'Hamparan Rawang'),
(1270, 105, 'Koto Baru'),
(1271, 105, 'Kumun Debai'),
(1272, 105, 'Pesisir Bukit'),
(1273, 105, 'Pondok Tinggi'),
(1274, 105, 'Sungai Bungkal'),
(1275, 105, 'Sungai Penuh'),
(1276, 105, 'Tanah Kampung'),
(1277, 106, 'Banyuasin I'),
(1278, 106, 'Banyuasin II'),
(1279, 106, 'Banyuasin III'),
(1280, 106, 'Betung'),
(1281, 106, 'Pulau Rimau'),
(1282, 106, 'Suak Tapeh'),
(1283, 106, 'Rambutan'),
(1284, 106, 'Rantau Bayur'),
(1285, 106, 'Sembawa'),
(1286, 106, 'Talang Kelapa'),
(1287, 106, 'Tanjung Lago'),
(1288, 106, 'Tungkal Ilir'),
(1289, 106, 'Air Kumbang'),
(1290, 106, 'Air Salek'),
(1291, 106, 'Makarti Jaya'),
(1292, 106, 'Muara Padang'),
(1293, 106, 'Muara Sugihan'),
(1294, 106, 'Muara Telang'),
(1295, 106, 'Karang Agung Ilir'),
(1296, 106, 'Selat Penuguan'),
(1297, 106, 'Sumber Marga Telang'),
(1298, 107, 'Tebing Tinggi'),
(1299, 107, 'Talang Padang'),
(1300, 107, 'Pendopo'),
(1301, 107, 'Pendopo Barat'),
(1302, 107, 'Sikap Dalam'),
(1303, 107, 'Saling'),
(1304, 107, 'Muara Pinang'),
(1305, 107, 'Lintang Kanan'),
(1306, 107, 'Pasemah Air Keruh'),
(1307, 107, 'Ulu Musi'),
(1308, 108, 'Lahat'),
(1309, 108, 'Lahat Selatan'),
(1310, 108, 'Merapi Barat'),
(1311, 108, 'Merapi Timur'),
(1312, 108, 'Merapi Selatan'),
(1313, 108, 'Kota Agung'),
(1314, 108, 'Pagar Gunung'),
(1315, 108, 'Pulau Pinang'),
(1316, 108, 'Gumay Talang'),
(1317, 108, 'Gumay Ulu'),
(1318, 108, 'Kikim Barat'),
(1319, 108, 'Kikim Tengah'),
(1320, 108, 'Kikim Selatan'),
(1321, 108, 'Kikim Timur'),
(1322, 108, 'Jarai'),
(1323, 108, 'Muara Payang'),
(1324, 108, 'Suka Merindu'),
(1325, 108, 'Tanjung Sakti Pumi'),
(1326, 108, 'Tanjung Sakti Pumu'),
(1327, 108, 'Tanjung Tebat'),
(1328, 108, 'Mulak Ulu'),
(1329, 108, 'Mulak Sebingkai'),
(1330, 108, 'Pajar Bulan'),
(1331, 108, 'Pseksu'),
(1332, 109, 'Muara Enim'),
(1333, 109, 'Lawang Kidul'),
(1334, 109, 'Tanjung Agung'),
(1335, 109, 'Panang Enim'),
(1336, 109, 'Semende Darat Laut'),
(1337, 109, 'Semende Darat Tengah'),
(1338, 109, 'Semende Darat Ulu'),
(1339, 109, 'Ujan Mas'),
(1340, 109, 'Rambang'),
(1341, 109, 'Rambang Niru'),
(1342, 109, 'Gunung Megang'),
(1343, 109, 'Benakat'),
(1344, 109, 'Gelumbang'),
(1345, 109, 'Lembak'),
(1346, 109, 'Sungai Rotan'),
(1347, 109, 'Kelekar'),
(1348, 109, 'Muara Belida'),
(1349, 109, 'Belida Darat'),
(1350, 109, 'Belimbing'),
(1351, 109, 'Empat Petulai Dangku'),
(1352, 109, 'Lubai'),
(1353, 109, 'Lubai Ulu'),
(1354, 110, 'Sekayu'),
(1355, 110, 'Babat Toman'),
(1356, 110, 'Sungai Lilin'),
(1357, 110, 'Sungai Keruh'),
(1358, 110, 'Lais'),
(1359, 110, 'Lawang Wetan'),
(1360, 110, 'Plakat Tinggi'),
(1361, 110, 'Sanga Desa'),
(1362, 110, 'Keluang'),
(1363, 110, 'Babat Supat'),
(1364, 110, 'Bayung Lencir'),
(1365, 110, 'Tungkal Jaya'),
(1366, 110, 'Lalan'),
(1367, 110, 'Jirak Jaya'),
(1368, 110, 'Batanghari Leko'),
(1369, 111, 'Muara Beliti'),
(1370, 111, 'Megang Sakti'),
(1371, 111, 'Purwodadi'),
(1372, 111, 'Tugumulyo'),
(1373, 111, 'Jayaloka'),
(1374, 111, 'Muara Kelingi'),
(1375, 111, 'Muara Lakitan'),
(1376, 111, 'STL Ulu Terawas'),
(1377, 111, 'Selangit'),
(1378, 111, 'Sumber Harta'),
(1379, 111, 'Tuah Negeri'),
(1380, 111, 'BTS Ulu Cecar'),
(1381, 111, 'Sukakarya'),
(1382, 111, 'Terawas'),
(1383, 112, 'Rupit'),
(1384, 112, 'Rawas Ulu'),
(1385, 112, 'Rawas Ilir'),
(1386, 112, 'Karang Dapo'),
(1387, 112, 'Karang Jaya'),
(1388, 112, 'Ulu Rawas'),
(1389, 112, 'Nibung'),
(1390, 113, 'Indralaya'),
(1391, 113, 'Indralaya Utara'),
(1392, 113, 'Indralaya Selatan'),
(1393, 113, 'Tanjung Batu'),
(1394, 113, 'Payaraman'),
(1395, 113, 'Rantau Panjang'),
(1396, 113, 'Kandis'),
(1397, 113, 'Lubuk Keliat'),
(1398, 113, 'Muara Kuang'),
(1399, 113, 'Sungai Pinang'),
(1400, 113, 'Rambang Kuang'),
(1401, 113, 'Pemulutan'),
(1402, 113, 'Pemulutan Selatan'),
(1403, 113, 'Pemulutan Barat'),
(1404, 113, 'Tanjung Raja'),
(1405, 113, 'Rantau Alai'),
(1406, 114, 'Kayuagung'),
(1407, 114, 'Sirah Pulau Padang'),
(1408, 114, 'Jejawi'),
(1409, 114, 'Pedamaran'),
(1410, 114, 'Pedamaran Timur'),
(1411, 114, 'Tanjung Lubuk'),
(1412, 114, 'Teluk Gelam'),
(1413, 114, 'SP Padang'),
(1414, 114, 'Pampangan'),
(1415, 114, 'Pangkalan Lampam'),
(1416, 114, 'Tulung Selapan'),
(1417, 114, 'Cengal'),
(1418, 114, 'Air Sugihan'),
(1419, 114, 'Lempuing'),
(1420, 114, 'Lempuing Jaya'),
(1421, 114, 'Mesuji'),
(1422, 114, 'Mesuji Makmur'),
(1423, 114, 'Mesuji Raya'),
(1424, 115, 'Baturaja Timur'),
(1425, 115, 'Baturaja Barat'),
(1426, 115, 'Sosoh Buay Rayap'),
(1427, 115, 'Pengandonan'),
(1428, 115, 'Semidang Aji'),
(1429, 115, 'Lengkiti'),
(1430, 115, 'Lubuk Raja'),
(1431, 115, 'Peninjauan'),
(1432, 115, 'Sinar Peninjauan'),
(1433, 115, 'Lubuk Batang'),
(1434, 115, 'Muara Jaya'),
(1435, 115, 'Ulu Ogan'),
(1436, 115, 'Kedaton Peninjauan Raya'),
(1437, 116, 'Muaradua'),
(1438, 116, 'Buay Sandang Aji'),
(1439, 116, 'Buay Runjung'),
(1440, 116, 'Buay Pemaca'),
(1441, 116, 'Buay Pematang Ribu Ranau Tengah'),
(1442, 116, 'Buay Rawan'),
(1443, 116, 'Buay Madang'),
(1444, 116, 'Buay Madang Timur'),
(1445, 116, 'Simpang'),
(1446, 116, 'Sungai Are'),
(1447, 116, 'Tiga Dihaji'),
(1448, 116, 'Runjung Agung'),
(1449, 116, 'Mekakau Ilir'),
(1450, 116, 'Banding Agung'),
(1451, 116, 'Warkuk Ranau Selatan'),
(1452, 116, 'Kisam Tinggi'),
(1453, 116, 'Kisam Ilir'),
(1454, 116, 'Pulau Beringin'),
(1455, 117, 'Martapura'),
(1456, 117, 'Belitang'),
(1457, 117, 'Belitang II'),
(1458, 117, 'Belitang III'),
(1459, 117, 'Belitang Jaya'),
(1460, 117, 'Belitang Madang Raya'),
(1461, 117, 'Buay Madang'),
(1462, 117, 'Buay Madang Timur'),
(1463, 117, 'Buay Pemuka Bangsa Raja'),
(1464, 117, 'Buay Pemuka Peliung'),
(1465, 117, 'Cempaka'),
(1466, 117, 'Jayapura'),
(1467, 117, 'Madang Suku I'),
(1468, 117, 'Madang Suku II'),
(1469, 117, 'Madang Suku III'),
(1470, 117, 'Semendawai Barat'),
(1471, 117, 'Semendawai Suku III'),
(1472, 117, 'Semendawai Timur'),
(1473, 117, 'Bunga Mayang'),
(1474, 117, 'Lempuing Jaya'),
(1475, 118, 'Lubuklinggau Barat I'),
(1476, 118, 'Lubuklinggau Barat II'),
(1477, 118, 'Lubuklinggau Selatan I'),
(1478, 118, 'Lubuklinggau Selatan II'),
(1479, 118, 'Lubuklinggau Timur I'),
(1480, 118, 'Lubuklinggau Timur II'),
(1481, 118, 'Lubuklinggau Utara I'),
(1482, 118, 'Lubuklinggau Utara II'),
(1483, 119, 'Pagar Alam Utara'),
(1484, 119, 'Pagar Alam Selatan'),
(1485, 119, 'Dempo Utara'),
(1486, 119, 'Dempo Tengah'),
(1487, 119, 'Dempo Selatan'),
(1488, 120, 'Ilir Timur I'),
(1489, 120, 'Ilir Timur II'),
(1490, 120, 'Ilir Barat I'),
(1491, 120, 'Ilir Barat II'),
(1492, 120, 'Seberang Ulu I'),
(1493, 120, 'Seberang Ulu II'),
(1494, 120, 'Bukit Kecil'),
(1495, 120, 'Kemuning'),
(1496, 120, 'Kertapati'),
(1497, 120, 'Plaju'),
(1498, 120, 'Sako'),
(1499, 120, 'Kalidoni'),
(1500, 120, 'Alang-Alang Lebar'),
(1501, 120, 'Sukarami'),
(1502, 120, 'Gandus'),
(1503, 120, 'Jakabaring'),
(1504, 120, 'Sematang Borang'),
(1505, 121, 'Prabumulih Barat'),
(1506, 121, 'Prabumulih Timur'),
(1507, 121, 'Cambai'),
(1508, 121, 'Rambang Kapak Tengah'),
(1509, 121, 'Prabumulih Utara'),
(1510, 121, 'Prabumulih Selatan'),
(1511, 122, 'Kedurang'),
(1512, 122, 'Seginim'),
(1513, 122, 'Pino'),
(1514, 122, 'Manna'),
(1515, 122, 'Kota Manna'),
(1516, 122, 'Pino Raya'),
(1517, 122, 'Kedurang Ilir'),
(1518, 122, 'Air Nipis'),
(1519, 122, 'Ulu Manna'),
(1520, 122, 'Bunga Mas'),
(1521, 122, 'Pasar Manna'),
(1522, 123, 'Bang Haji'),
(1523, 123, 'Karang Tinggi'),
(1524, 123, 'Merigi Kelindang'),
(1525, 123, 'Merigi Sakti'),
(1526, 123, 'Pagar Jati'),
(1527, 123, 'Pondok Kelapa'),
(1528, 123, 'Pondok Kubang'),
(1529, 123, 'Pematang Tiga'),
(1530, 123, 'Semidang Lagan'),
(1531, 123, 'Taba Penanjung'),
(1532, 123, 'Talang Empat'),
(1533, 124, 'Air Besi'),
(1534, 124, 'Air Napal'),
(1535, 124, 'Air Padang'),
(1536, 124, 'Arma Jaya'),
(1537, 124, 'Batik Nau'),
(1538, 124, 'Enggano'),
(1539, 124, 'Giri Mulya'),
(1540, 124, 'Hulu Palik'),
(1541, 124, 'Kerkap'),
(1542, 124, 'Ketahun'),
(1543, 124, 'Kota Arga Makmur'),
(1544, 124, 'Lais'),
(1545, 124, 'Marga Sakti Sebelat'),
(1546, 124, 'Napal Putih'),
(1547, 124, 'Padang Jaya'),
(1548, 124, 'Pinang Raya'),
(1549, 124, 'Putri Hijau'),
(1550, 124, 'Tanjung Agung Palik'),
(1551, 124, 'Ulok Kupai'),
(1552, 125, 'Kaur Selatan'),
(1553, 125, 'Kaur Tengah'),
(1554, 125, 'Kaur Utara'),
(1555, 125, 'Kelam Tengah'),
(1556, 125, 'Kinal'),
(1557, 125, 'Luas'),
(1558, 125, 'Lungkang Kule'),
(1559, 125, 'Maje'),
(1560, 125, 'Muara Sahung'),
(1561, 125, 'Nasal'),
(1562, 125, 'Padang Guci Hilir'),
(1563, 125, 'Padang Guci Hulu'),
(1564, 125, 'Semidang Gumay'),
(1565, 125, 'Tanjung Kemuning'),
(1566, 125, 'Tetap'),
(1567, 126, 'Bermani Ilir'),
(1568, 126, 'Kabawetan'),
(1569, 126, 'Kepahiang'),
(1570, 126, 'Merigi'),
(1571, 126, 'Muara Kemumu'),
(1572, 126, 'Seberang Musi'),
(1573, 126, 'Tebat Karai'),
(1574, 126, 'Ujan Mas'),
(1575, 127, 'Amen'),
(1576, 127, 'Bingin Kuning'),
(1577, 127, 'Lebong Atas'),
(1578, 127, 'Lebong Sakti'),
(1579, 127, 'Lebong Selatan'),
(1580, 127, 'Lebong Tengah'),
(1581, 127, 'Lebong Utara'),
(1582, 127, 'Pinang Belapis'),
(1583, 127, 'Rimbo Pengadang'),
(1584, 127, 'Topos'),
(1585, 127, 'Tubei'),
(1586, 127, 'Uram Jaya'),
(1587, 128, 'V Koto'),
(1588, 128, 'XIV Koto'),
(1589, 128, 'Air Dikit'),
(1590, 128, 'Air Manjunto'),
(1591, 128, 'Air Rami'),
(1592, 128, 'Ipuh'),
(1593, 128, 'Kota Mukomuko'),
(1594, 128, 'Lubuk Pinang'),
(1595, 128, 'Malin Deman'),
(1596, 128, 'Penarik'),
(1597, 128, 'Pondok Suguh'),
(1598, 128, 'Selagan Raya'),
(1599, 128, 'Sungai Rumbai'),
(1600, 128, 'Teramang Jaya'),
(1601, 128, 'Teras Terunjam'),
(1602, 129, 'Bermani Ulu'),
(1603, 129, 'Bermani Ulu Raya'),
(1604, 129, 'Binduriang'),
(1605, 129, 'Curup'),
(1606, 129, 'Curup Selatan'),
(1607, 129, 'Curup Tengah'),
(1608, 129, 'Curup Timur'),
(1609, 129, 'Curup Utara'),
(1610, 129, 'Kota Padang'),
(1611, 129, 'Padang Ulak Tanding'),
(1612, 129, 'Selupu Rejang'),
(1613, 129, 'Sindang Beliti Ilir'),
(1614, 129, 'Sindang Beliti Ulu'),
(1615, 129, 'Sindang Dataran'),
(1616, 129, 'Sindang Kelingi'),
(1617, 130, 'Air Periukan'),
(1618, 130, 'Ilir Talo'),
(1619, 130, 'Lubuk Sandi'),
(1620, 130, 'Seluma'),
(1621, 130, 'Seluma Barat'),
(1622, 130, 'Seluma Selatan'),
(1623, 130, 'Seluma Timur'),
(1624, 130, 'Seluma Utara'),
(1625, 130, 'Semidang Alas'),
(1626, 130, 'Semidang Alas Maras'),
(1627, 130, 'Sukaraja'),
(1628, 130, 'Talo'),
(1629, 130, 'Talo Kecil'),
(1630, 130, 'Ulu Talo'),
(1631, 131, 'Gading Cempaka'),
(1632, 131, 'Kampung Melayu'),
(1633, 131, 'Muara Bangkahulu'),
(1634, 131, 'Ratu Agung'),
(1635, 131, 'Ratu Samban'),
(1636, 131, 'Selebar'),
(1637, 131, 'Sungai Serut'),
(1638, 131, 'Teluk Segara'),
(1639, 132, 'Balik Bukit'),
(1640, 132, 'Batu Brak'),
(1641, 132, 'Batu Ketulis'),
(1642, 132, 'Belalau'),
(1643, 132, 'Gedung Surian'),
(1644, 132, 'Kebun Tebu'),
(1645, 132, 'Lumbok Seminung'),
(1646, 132, 'Pagar Dewa'),
(1647, 132, 'Sekincau'),
(1648, 132, 'Sukau'),
(1649, 132, 'Suoh'),
(1650, 132, 'Sumber Jaya'),
(1651, 132, 'Way Tenong'),
(1652, 132, 'Bandar Negeri Suoh'),
(1653, 132, 'Air Hitam'),
(1654, 133, 'Bakauheni'),
(1655, 133, 'Candipuro'),
(1656, 133, 'Jati Agung'),
(1657, 133, 'Kalianda'),
(1658, 133, 'Katibung'),
(1659, 133, 'Ketapang'),
(1660, 133, 'Merbau Mataram'),
(1661, 133, 'Natar'),
(1662, 133, 'Palas'),
(1663, 133, 'Penengahan'),
(1664, 133, 'Rajabasa'),
(1665, 133, 'Sidomulyo'),
(1666, 133, 'Sragi'),
(1667, 133, 'Tanjung Bintang'),
(1668, 133, 'Tanjung Sari'),
(1669, 133, 'Way Panji'),
(1670, 133, 'Way Sulan'),
(1671, 134, 'Anak Ratu Aji'),
(1672, 134, 'Anak Tuha'),
(1673, 134, 'Bandar Mataram'),
(1674, 134, 'Bandar Surabaya'),
(1675, 134, 'Bangunrejo'),
(1676, 134, 'Bekri'),
(1677, 134, 'Bumi Nabung'),
(1678, 134, 'Bumi Ratu Nuban'),
(1679, 134, 'Gunung Sugih'),
(1680, 134, 'Kalirejo'),
(1681, 134, 'Kota Gajah'),
(1682, 134, 'Padang Ratu'),
(1683, 134, 'Pubian'),
(1684, 134, 'Punggur'),
(1685, 134, 'Putra Rumbia'),
(1686, 134, 'Rumbia'),
(1687, 134, 'Selagai Lingga'),
(1688, 134, 'Sendang Agung'),
(1689, 134, 'Seputih Agung'),
(1690, 134, 'Seputih Banyak'),
(1691, 134, 'Seputih Mataram'),
(1692, 134, 'Seputih Raman'),
(1693, 134, 'Seputih Surabaya'),
(1694, 134, 'Terbanggi Besar'),
(1695, 134, 'Terusan Nunyai'),
(1696, 134, 'Trimurjo'),
(1697, 134, 'Way Pengubuan'),
(1698, 134, 'Way Seputih'),
(1699, 135, 'Bandar Sribhawono'),
(1700, 135, 'Batanghari'),
(1701, 135, 'Batanghari Nuban'),
(1702, 135, 'Braja Slebah'),
(1703, 135, 'Bumi Agung'),
(1704, 135, 'Gunung Pelindung'),
(1705, 135, 'Jabung'),
(1706, 135, 'Labuhan Maringgai'),
(1707, 135, 'Labuhan Ratu'),
(1708, 135, 'Marga Sekampung'),
(1709, 135, 'Marga Tiga'),
(1710, 135, 'Mataram Baru'),
(1711, 135, 'Melinting'),
(1712, 135, 'Metro Kibang'),
(1713, 135, 'Pasir Sakti'),
(1714, 135, 'Pekalongan'),
(1715, 135, 'Purbolinggo'),
(1716, 135, 'Raman Utara'),
(1717, 135, 'Sekampung'),
(1718, 135, 'Sekampung Udik'),
(1719, 135, 'Sukadana'),
(1720, 135, 'Way Bungur'),
(1721, 135, 'Waway Karya'),
(1722, 135, 'Way Jepara'),
(1723, 136, 'Abung Barat'),
(1724, 136, 'Abung Kunang'),
(1725, 136, 'Abung Pekurun'),
(1726, 136, 'Abung Selatan'),
(1727, 136, 'Abung Semuli'),
(1728, 136, 'Abung Surakarta'),
(1729, 136, 'Abung Tengah'),
(1730, 136, 'Abung Timur'),
(1731, 136, 'Abung Tinggi'),
(1732, 136, 'Blambangan Pagar'),
(1733, 136, 'Bukit Kemuning'),
(1734, 136, 'Bunga Mayang'),
(1735, 136, 'Hulu Sungkai'),
(1736, 136, 'Kotabumi'),
(1737, 136, 'Kotabumi Selatan'),
(1738, 136, 'Kotabumi Utara'),
(1739, 136, 'Muara Sungkai'),
(1740, 136, 'Sungkai Barat'),
(1741, 136, 'Sungkai Jaya'),
(1742, 136, 'Sungkai Selatan'),
(1743, 136, 'Sungkai Tengah'),
(1744, 136, 'Sungkai Utara'),
(1745, 136, 'Tanjung Raja'),
(1746, 137, 'Mesuji'),
(1747, 137, 'Mesuji Timur'),
(1748, 137, 'Panca Jaya'),
(1749, 137, 'Rawa Jitu Utara'),
(1750, 137, 'Simpang Pematang'),
(1751, 137, 'Tanjung Raya'),
(1752, 137, 'Way Serdang'),
(1753, 138, 'Gedong Tataan'),
(1754, 138, 'Kedondong'),
(1755, 138, 'Marga Punduh'),
(1756, 138, 'Negeri Katon'),
(1757, 138, 'Padang Cermin'),
(1758, 138, 'Punduh Pidada'),
(1759, 138, 'Tegineneng'),
(1760, 138, 'Teluk Pandan'),
(1761, 138, 'Way Lima'),
(1762, 138, 'Way Khilau'),
(1763, 138, 'Way Ratai'),
(1764, 139, 'Bangkunat'),
(1765, 139, 'Karya Penggawa'),
(1766, 139, 'Krui Selatan'),
(1767, 139, 'Lemong'),
(1768, 139, 'Ngambur'),
(1769, 139, 'Ngaras'),
(1770, 139, 'Pesisir Selatan'),
(1771, 139, 'Pesisir Tengah'),
(1772, 139, 'Pesisir Utara'),
(1773, 139, 'Pulau Pisang'),
(1774, 139, 'Way Krui'),
(1775, 140, 'Adiluwih'),
(1776, 140, 'Ambarawa'),
(1777, 140, 'Banyumas'),
(1778, 140, 'Gading Rejo'),
(1779, 140, 'Pagelaran'),
(1780, 140, 'Pagelaran Utara'),
(1781, 140, 'Pardasuka'),
(1782, 140, 'Pringsewu'),
(1783, 140, 'Sukoharjo'),
(1784, 141, 'Air Naningan'),
(1785, 141, 'Bandar Negeri Semuong'),
(1786, 141, 'Bulok'),
(1787, 141, 'Cukuh Balak'),
(1788, 141, 'Gisting'),
(1789, 141, 'Gunung Alip'),
(1790, 141, 'Kelumbayan'),
(1791, 141, 'Kelumbayan Barat'),
(1792, 141, 'Kota Agung'),
(1793, 141, 'Kota Agung Barat'),
(1794, 141, 'Kota Agung Timur'),
(1795, 141, 'Limau'),
(1796, 141, 'Pematang Sawa'),
(1797, 141, 'Pugung'),
(1798, 141, 'Pulau Panggung'),
(1799, 141, 'Semaka'),
(1800, 141, 'Sumberejo'),
(1801, 141, 'Talang Padang'),
(1802, 141, 'Ulu Belu'),
(1803, 141, 'Wonosobo'),
(1804, 142, 'Banjar Agung'),
(1805, 142, 'Banjar Baru'),
(1806, 142, 'Banjar Margo'),
(1807, 142, 'Dente Teladas'),
(1808, 142, 'Gedung Aji'),
(1809, 142, 'Gedung Aji Baru'),
(1810, 142, 'Gedung Meneng'),
(1811, 142, 'Menggala'),
(1812, 142, 'Menggala Timur'),
(1813, 142, 'Meraksa Aji'),
(1814, 142, 'Penawar Aji'),
(1815, 142, 'Penawar Tama'),
(1816, 142, 'Rawa Jitu Selatan'),
(1817, 142, 'Rawa Jitu Timur'),
(1818, 142, 'Rawa Pitu'),
(1819, 143, 'Batu Putih'),
(1820, 143, 'Gunung Agung'),
(1821, 143, 'Gunung Terang'),
(1822, 143, 'Lambu Kibang'),
(1823, 143, 'Pagar Dewa'),
(1824, 143, 'Tulang Bawang Tengah'),
(1825, 143, 'Tulang Bawang Udik'),
(1826, 143, 'Tumijajar'),
(1827, 143, 'Way Kenanga'),
(1828, 144, 'Bahuga'),
(1829, 144, 'Banjit'),
(1830, 144, 'Baradatu'),
(1831, 144, 'Blambangan Umpu'),
(1832, 144, 'Buay Bahuga'),
(1833, 144, 'Bumi Agung'),
(1834, 144, 'Gunung Labuhan'),
(1835, 144, 'Kasui'),
(1836, 144, 'Negara Batin'),
(1837, 144, 'Negeri Agung'),
(1838, 144, 'Negeri Besar'),
(1839, 144, 'Pakuan Ratu'),
(1840, 144, 'Rebang Tangkas'),
(1841, 144, 'Umpu Semenguk'),
(1842, 144, 'Way Tuba'),
(1843, 145, 'Bumi Waras'),
(1844, 145, 'Enggal'),
(1845, 145, 'Kedamaian'),
(1846, 145, 'Kedaton'),
(1847, 145, 'Kemiling'),
(1848, 145, 'Labuhan Ratu'),
(1849, 145, 'Langkapura'),
(1850, 145, 'Panjang'),
(1851, 145, 'Rajabasa'),
(1852, 145, 'Sukabumi'),
(1853, 145, 'Sukarame'),
(1854, 145, 'Tanjung Karang Barat'),
(1855, 145, 'Tanjung Karang Pusat'),
(1856, 145, 'Tanjung Karang Timur'),
(1857, 145, 'Tanjung Senang'),
(1858, 145, 'Teluk Betung Barat'),
(1859, 145, 'Teluk Betung Selatan'),
(1860, 145, 'Teluk Betung Timur'),
(1861, 145, 'Teluk Betung Utara'),
(1862, 145, 'Way Halim'),
(1863, 146, 'Metro Barat'),
(1864, 146, 'Metro Selatan'),
(1865, 146, 'Metro Timur'),
(1866, 146, 'Metro Utara'),
(1867, 146, 'Metro Pusat'),
(1868, 147, 'Bakam'),
(1869, 147, 'Belinyu'),
(1870, 147, 'Mendo Barat'),
(1871, 147, 'Merawang'),
(1872, 147, 'Pemali'),
(1873, 147, 'Puding Besar'),
(1874, 147, 'Riau Silip'),
(1875, 147, 'Sungailiat'),
(1876, 148, 'Jebus'),
(1877, 148, 'Kelapa'),
(1878, 148, 'Muntok'),
(1879, 148, 'Parittiga'),
(1880, 148, 'Simpang Teritip'),
(1881, 148, 'Tempilang'),
(1882, 149, 'Air Gegas'),
(1883, 149, 'Kepulauan Pongok'),
(1884, 149, 'Lepar Pongok'),
(1885, 149, 'Payung'),
(1886, 149, 'Pulaubesar'),
(1887, 149, 'Simpang Rimba'),
(1888, 149, 'Toboali'),
(1889, 149, 'Tukak Sadai'),
(1890, 150, 'Koba'),
(1891, 150, 'Lubuk Besar'),
(1892, 150, 'Namang'),
(1893, 150, 'Pangkalan Baru'),
(1894, 150, 'Simpang Katis'),
(1895, 150, 'Sungai Selan'),
(1896, 151, 'Badau'),
(1897, 151, 'Membalong'),
(1898, 151, 'Selat Nasik'),
(1899, 151, 'Sijuk'),
(1900, 151, 'Tanjung Pandan'),
(1901, 152, 'Damar'),
(1902, 152, 'Dendang'),
(1903, 152, 'Gantung'),
(1904, 152, 'Kelapa Kampit'),
(1905, 152, 'Manggar'),
(1906, 152, 'Simpang Pesak'),
(1907, 152, 'Simpang Renggiang'),
(1908, 153, 'Bukit Intan'),
(1909, 153, 'Gabek'),
(1910, 153, 'Gerunggang'),
(1911, 153, 'Girimaya'),
(1912, 153, 'Pangkal Balam'),
(1913, 153, 'Rangkui'),
(1914, 153, 'Taman Sari'),
(1915, 154, 'Bengkayang'),
(1916, 154, 'Capkala'),
(1917, 154, 'Jagoi Babang'),
(1918, 154, 'Ledo'),
(1919, 154, 'Lembah Bawang'),
(1920, 154, 'Lumar'),
(1921, 154, 'Monterado'),
(1922, 154, 'Samalantan'),
(1923, 154, 'Sanggau Ledo'),
(1924, 154, 'Seluas'),
(1925, 154, 'Siding'),
(1926, 154, 'Sungai Betung'),
(1927, 154, 'Sungai Raya'),
(1928, 154, 'Sungai Raya Kepulauan'),
(1929, 154, 'Suti Semarang'),
(1930, 154, 'Teriak'),
(1931, 154, 'Tujuh Belas'),
(1932, 155, 'Badau'),
(1933, 155, 'Batang Lupar'),
(1934, 155, 'Bika'),
(1935, 155, 'Boyan Tanjung'),
(1936, 155, 'Bunut Hilir'),
(1937, 155, 'Bunut Hulu'),
(1938, 155, 'Embaloh Hilir'),
(1939, 155, 'Embaloh Hulu'),
(1940, 155, 'Empanang'),
(1941, 155, 'Hulu Gurung'),
(1942, 155, 'Jongkong'),
(1943, 155, 'Kalis'),
(1944, 155, 'Mentebah'),
(1945, 155, 'Pengkadan'),
(1946, 155, 'Puring Kencana'),
(1947, 155, 'Putussibau Selatan'),
(1948, 155, 'Putussibau Utara'),
(1949, 155, 'Seberuang'),
(1950, 155, 'Selimbau'),
(1951, 155, 'Semitau'),
(1952, 155, 'Silat Hilir'),
(1953, 155, 'Silat Hulu'),
(1954, 155, 'Suhaid'),
(1955, 156, 'Kepulauan Karimata'),
(1956, 156, 'Pulau Maya'),
(1957, 156, 'Seponti'),
(1958, 156, 'Simpang Hilir'),
(1959, 156, 'Sukadana'),
(1960, 156, 'Teluk Batang'),
(1961, 157, 'Air Upas'),
(1962, 157, 'Benua Kayong'),
(1963, 157, 'Delta Pawan'),
(1964, 157, 'Hulu Sungai'),
(1965, 157, 'Jelai Hulu'),
(1966, 157, 'Kendawangan'),
(1967, 157, 'Manis Mata'),
(1968, 157, 'Marau'),
(1969, 157, 'Matan Hilir Selatan'),
(1970, 157, 'Matan Hilir Utara'),
(1971, 157, 'Muara Pawan'),
(1972, 157, 'Nanga Tayap'),
(1973, 157, 'Pemahan'),
(1974, 157, 'Sandai'),
(1975, 157, 'Simpang Dua'),
(1976, 157, 'Simpang Hulu'),
(1977, 157, 'Singkup'),
(1978, 157, 'Sungai Laur'),
(1979, 157, 'Sungai Melayu Rayak'),
(1980, 157, 'Tumbang Titi'),
(1981, 158, 'Batu Ampar'),
(1982, 158, 'Kuala Mandor B'),
(1983, 158, 'Kubu'),
(1984, 158, 'Rasau Jaya'),
(1985, 158, 'Sungai Ambawang'),
(1986, 158, 'Sungai Kakap'),
(1987, 158, 'Sungai Raya'),
(1988, 158, 'Teluk Pakedai'),
(1989, 158, 'Terentang'),
(1990, 159, 'Air Besar'),
(1991, 159, 'Banyuke Hulu'),
(1992, 159, 'Jelimpo'),
(1993, 159, 'Kuala Behe'),
(1994, 159, 'Mandor'),
(1995, 159, 'Mempawah Hulu'),
(1996, 159, 'Menjalin'),
(1997, 159, 'Menyuke'),
(1998, 159, 'Meranti'),
(1999, 159, 'Ngabang'),
(2000, 159, 'Sebangki');
INSERT INTO `kecamatan` (`id_kecamatan`, `id_kota`, `nama_kecamatan`) VALUES
(2001, 159, 'Sengah Temila'),
(2002, 159, 'Sompak'),
(2003, 160, 'Belimbing'),
(2004, 160, 'Belimbing Hulu'),
(2005, 160, 'Ella Hilir'),
(2006, 160, 'Menukung'),
(2007, 160, 'Nanga Pinoh'),
(2008, 160, 'Pinoh Selatan'),
(2009, 160, 'Pinoh Utara'),
(2010, 160, 'Sayan'),
(2011, 160, 'Sokan'),
(2012, 160, 'Tanah Pinoh'),
(2013, 160, 'Tanah Pinoh Barat'),
(2014, 161, 'Anjongan'),
(2015, 161, 'Mempawah Hilir'),
(2016, 161, 'Mempawah Timur'),
(2017, 161, 'Sadaniang'),
(2018, 161, 'Segedong'),
(2019, 161, 'Siantan'),
(2020, 161, 'Sungai Kunyit'),
(2021, 161, 'Sungai Pinyuh'),
(2022, 161, 'Toho'),
(2023, 162, 'Selakau'),
(2024, 162, 'Selakau Timur'),
(2025, 162, 'Pemangkat'),
(2026, 162, 'Semparuk'),
(2027, 162, 'Salatiga'),
(2028, 162, 'Tebas'),
(2029, 162, 'Tekarang'),
(2030, 162, 'Sambas'),
(2031, 162, 'Subah'),
(2032, 162, 'Sajad'),
(2033, 162, 'Sebawi'),
(2034, 162, 'Jawai'),
(2035, 162, 'Jawai Selatan'),
(2036, 162, 'Teluk Keramat'),
(2037, 162, 'Galing'),
(2038, 162, 'Tangaran'),
(2039, 162, 'Sejangkung'),
(2040, 162, 'Sajingan Besar'),
(2041, 162, 'Paloh'),
(2042, 163, 'Balai'),
(2043, 163, 'Beduai'),
(2044, 163, 'Bonti'),
(2045, 163, 'Entikong'),
(2046, 163, 'Jangkang'),
(2047, 163, 'Kapuas'),
(2048, 163, 'Kembayan'),
(2049, 163, 'Meliau'),
(2050, 163, 'Mukok'),
(2051, 163, 'Noyan'),
(2052, 163, 'Parindu'),
(2053, 163, 'Sekayam'),
(2054, 163, 'Tayan Hilir'),
(2055, 163, 'Tayan Hulu'),
(2056, 163, 'Toba'),
(2057, 164, 'Belitang'),
(2058, 164, 'Belitang Hilir'),
(2059, 164, 'Belitang Hulu'),
(2060, 164, 'Nanga Mahap'),
(2061, 164, 'Nanga Taman'),
(2062, 164, 'Sekadau Hilir'),
(2063, 164, 'Sekadau Hulu'),
(2064, 165, 'Ambalau'),
(2065, 165, 'Binjai Hulu'),
(2066, 165, 'Dedai'),
(2067, 165, 'Kayan Hilir'),
(2068, 165, 'Kayan Hulu'),
(2069, 165, 'Kelam Permai'),
(2070, 165, 'Ketungau Hilir'),
(2071, 165, 'Ketungau Hulu'),
(2072, 165, 'Ketungau Tengah'),
(2073, 165, 'Sepauk'),
(2074, 165, 'Serawai'),
(2075, 165, 'Sungai Tebelian'),
(2076, 165, 'Tempunak'),
(2077, 165, 'Sintang'),
(2078, 166, 'Pontianak Barat'),
(2079, 166, 'Pontianak Kota'),
(2080, 166, 'Pontianak Selatan'),
(2081, 166, 'Pontianak Tenggara'),
(2082, 166, 'Pontianak Timur'),
(2083, 166, 'Pontianak Utara'),
(2084, 167, 'Singkawang Barat'),
(2085, 167, 'Singkawang Selatan'),
(2086, 167, 'Singkawang Tengah'),
(2087, 167, 'Singkawang Timur'),
(2088, 167, 'Singkawang Utara'),
(2089, 168, 'Dusun Hilir'),
(2090, 168, 'Dusun Selatan'),
(2091, 168, 'Dusun Utara'),
(2092, 168, 'Gunung Bintang Awai'),
(2093, 168, 'Jenamas'),
(2094, 168, 'Karau Kuala'),
(2095, 169, 'Awang'),
(2096, 169, 'Benua Lima'),
(2097, 169, 'Dusun Tengah'),
(2098, 169, 'Dusun Timur'),
(2099, 169, 'Karusen Janang'),
(2100, 169, 'Paju Epat'),
(2101, 169, 'Paku'),
(2102, 169, 'Patangkep Tutui'),
(2103, 169, 'Pematang Karau'),
(2104, 169, 'Raren Batuah'),
(2105, 170, 'Gunung Purei'),
(2106, 170, 'Gunung Timang'),
(2107, 170, 'Lahei'),
(2108, 170, 'Lahei Barat'),
(2109, 170, 'Montallat'),
(2110, 170, 'Teweh Baru'),
(2111, 170, 'Teweh Selatan'),
(2112, 170, 'Teweh Tengah'),
(2113, 170, 'Teweh Timur'),
(2114, 171, 'Damang Batu'),
(2115, 171, 'Kahayan Hulu Utara'),
(2116, 171, 'Kurun'),
(2117, 171, 'Manuhing'),
(2118, 171, 'Manuhing Raya'),
(2119, 171, 'Mihing Raya'),
(2120, 171, 'Miri Manasa'),
(2121, 171, 'Pematang Karau'),
(2122, 171, 'Rungan'),
(2123, 171, 'Rungan Barat'),
(2124, 171, 'Rungan Hulu'),
(2125, 171, 'Sepang'),
(2126, 171, 'Tewah'),
(2127, 172, 'Basarang'),
(2128, 172, 'Bataguh'),
(2129, 172, 'Dadahup'),
(2130, 172, 'Kapuas Barat'),
(2131, 172, 'Kapuas Hilir'),
(2132, 172, 'Kapuas Hulu'),
(2133, 172, 'Kapuas Kuala'),
(2134, 172, 'Kapuas Murung'),
(2135, 172, 'Kapuas Tengah'),
(2136, 172, 'Kapuas Timur'),
(2137, 172, 'Mandau Talawang'),
(2138, 172, 'Mantangai'),
(2139, 172, 'Pasak Talawang'),
(2140, 172, 'Pulau Petak'),
(2141, 172, 'Selat'),
(2142, 172, 'Tamban Catur'),
(2143, 172, 'Timpah'),
(2144, 173, 'Bukit Raya'),
(2145, 173, 'Kamipang'),
(2146, 173, 'Katingan Hilir'),
(2147, 173, 'Katingan Hulu'),
(2148, 173, 'Katingan Kuala'),
(2149, 173, 'Katingan Tengah'),
(2150, 173, 'Marikit'),
(2151, 173, 'Mendawai'),
(2152, 173, 'Petak Malai'),
(2153, 173, 'Pulau Malan'),
(2154, 173, 'Sanaman Mantikei'),
(2155, 173, 'Tasik Payawan'),
(2156, 173, 'Tewang Sangalang Garing'),
(2157, 174, 'Arut Selatan'),
(2158, 174, 'Arut Utara'),
(2159, 174, 'Kotawaringin Lama'),
(2160, 174, 'Kumai'),
(2161, 174, 'Pangkalan Banteng'),
(2162, 174, 'Pangkalan Lada'),
(2163, 175, 'Antang Kalang'),
(2164, 175, 'Baamang'),
(2165, 175, 'Bukit Santuai'),
(2166, 175, 'Cempaga'),
(2167, 175, 'Cempaga Hulu'),
(2168, 175, 'Kota Besi'),
(2169, 175, 'Mentawa Baru Ketapang'),
(2170, 175, 'Mentaya Hilir Selatan'),
(2171, 175, 'Mentaya Hilir Utara'),
(2172, 175, 'Mentaya Hulu'),
(2173, 175, 'Parenggean'),
(2174, 175, 'Pulau Hanaut'),
(2175, 175, 'Seranau'),
(2176, 175, 'Telaga Antang'),
(2177, 175, 'Telawang'),
(2178, 175, 'Teluk Sampit'),
(2179, 175, 'Tualan Hulu'),
(2180, 176, 'Balai Riam'),
(2181, 176, 'Belantikan Raya'),
(2182, 176, 'Bulik'),
(2183, 176, 'Bulik Timur'),
(2184, 176, 'Delang'),
(2185, 176, 'Lamandau'),
(2186, 176, 'Menthobi Raya'),
(2187, 176, 'Sematu Jaya'),
(2188, 177, 'Barito Tuhup Raya'),
(2189, 177, 'Laung Tuhup'),
(2190, 177, 'Murung'),
(2191, 177, 'Permata Intan'),
(2192, 177, 'Seribu Riam'),
(2193, 177, 'Sumber Barito'),
(2194, 177, 'Sungai Babuat'),
(2195, 177, 'Tanah Siang'),
(2196, 177, 'Tanah Siang Selatan'),
(2197, 177, 'Uut Murung'),
(2198, 178, 'Banama Tingang'),
(2199, 178, 'Jabiren Raya'),
(2200, 178, 'Kahayan Hilir'),
(2201, 178, 'Kahayan Kuala'),
(2202, 178, 'Kahayan Tengah'),
(2203, 178, 'Maliku'),
(2204, 178, 'Pandih Batu'),
(2205, 178, 'Sebangau Kuala'),
(2206, 179, 'Batu Ampar'),
(2207, 179, 'Danau Seluluk'),
(2208, 179, 'Danau Sembuluh'),
(2209, 179, 'Hanau'),
(2210, 179, 'Seruyan Hilir'),
(2211, 179, 'Seruyan Hilir Timur'),
(2212, 179, 'Seruyan Hulu'),
(2213, 179, 'Seruyan Raya'),
(2214, 179, 'Seruyan Tengah'),
(2215, 179, 'Suling Tambun'),
(2216, 180, 'Balai Riam'),
(2217, 180, 'Jelai'),
(2218, 180, 'Pantai Lunci'),
(2219, 180, 'Permata Kecubung'),
(2220, 180, 'Sukamara'),
(2221, 181, 'Bukit Batu'),
(2222, 181, 'Jekan Raya'),
(2223, 181, 'Pahandut'),
(2224, 181, 'Rakumpit'),
(2225, 181, 'Sabangau'),
(2226, 182, 'Awayan'),
(2227, 182, 'Batu Mandi'),
(2228, 182, 'Halong'),
(2229, 182, 'Juai'),
(2230, 182, 'Lampihong'),
(2231, 182, 'Paringin'),
(2232, 182, 'Paringin Selatan'),
(2233, 182, 'Tebing Tinggi'),
(2234, 183, 'Aluh-Aluh'),
(2235, 183, 'Aranio'),
(2236, 183, 'Astambul'),
(2237, 183, 'Beruntung Baru'),
(2238, 183, 'Cintapuri Darussalam'),
(2239, 183, 'Gambut'),
(2240, 183, 'Karang Intan'),
(2241, 183, 'Kertak Hanyar'),
(2242, 183, 'Mataraman'),
(2243, 183, 'Martapura'),
(2244, 183, 'Martapura Barat'),
(2245, 183, 'Martapura Timur'),
(2246, 183, 'Paramasan'),
(2247, 183, 'Pengaron'),
(2248, 183, 'Sambung Makmur'),
(2249, 183, 'Simpang Empat'),
(2250, 183, 'Sungai Pinang'),
(2251, 183, 'Sungai Tabuk'),
(2252, 183, 'Tatah Makmur'),
(2253, 183, 'Telaga Bauntung'),
(2254, 184, 'Alalak'),
(2255, 184, 'Anjir Muara'),
(2256, 184, 'Anjir Pasar'),
(2257, 184, 'Bakumpai'),
(2258, 184, 'Barambai'),
(2259, 184, 'Belawang'),
(2260, 184, 'Cerbon'),
(2261, 184, 'Jejangkit'),
(2262, 184, 'Kuripan'),
(2263, 184, 'Mandastana'),
(2264, 184, 'Marabahan'),
(2265, 184, 'Mekarsari'),
(2266, 184, 'Rantau Badauh'),
(2267, 184, 'Tabukan'),
(2268, 184, 'Tabunganen'),
(2269, 184, 'Tamban'),
(2270, 184, 'Wanaraya'),
(2271, 185, 'Angkinang'),
(2272, 185, 'Daha Barat'),
(2273, 185, 'Daha Selatan'),
(2274, 185, 'Daha Utara'),
(2275, 185, 'Kalumpang'),
(2276, 185, 'Kandangan'),
(2277, 185, 'Loksado'),
(2278, 185, 'Padang Batung'),
(2279, 185, 'Simpur'),
(2280, 185, 'Sungai Raya'),
(2281, 185, 'Telaga Langsat'),
(2282, 186, 'Barabai'),
(2283, 186, 'Batang Alai Selatan'),
(2284, 186, 'Batang Alai Timur'),
(2285, 186, 'Batang Alai Utara'),
(2286, 186, 'Batu Benawa'),
(2287, 186, 'Hantakan'),
(2288, 186, 'Haruyan'),
(2289, 186, 'Labuan Amas Selatan'),
(2290, 186, 'Labuan Amas Utara'),
(2291, 186, 'Limpasu'),
(2292, 186, 'Pandawan'),
(2293, 187, 'Amuntai Selatan'),
(2294, 187, 'Amuntai Tengah'),
(2295, 187, 'Amuntai Utara'),
(2296, 187, 'Babirik'),
(2297, 187, 'Banjang'),
(2298, 187, 'Danau Panggang'),
(2299, 187, 'Haur Gading'),
(2300, 187, 'Paminggir'),
(2301, 187, 'Sungai Pandan'),
(2302, 187, 'Sungai Tabukan'),
(2303, 188, 'Pamukan Barat'),
(2304, 188, 'Pamukan Selatan'),
(2305, 188, 'Pamukan Utara'),
(2306, 188, 'Sampanahan'),
(2307, 188, 'Sungai Durian'),
(2308, 188, 'Hampang'),
(2309, 188, 'Kelumpang Barat'),
(2310, 188, 'Kelumpang Hilir'),
(2311, 188, 'Kelumpang Hulu'),
(2312, 188, 'Kelumpang Selatan'),
(2313, 188, 'Kelumpang Tengah'),
(2314, 188, 'Kelumpang Utara'),
(2315, 188, 'Pulaulaut Barat'),
(2316, 188, 'Pulaulaut Kepulauan'),
(2317, 188, 'Pulaulaut Selatan'),
(2318, 188, 'Pulaulaut Tengah'),
(2319, 188, 'Pulaulaut Timur'),
(2320, 188, 'Pulaulaut Utara'),
(2321, 188, 'Pulaulaut Sigam'),
(2322, 188, 'Pulau Sebuku'),
(2323, 188, 'Pulau Sembilan'),
(2324, 188, 'Tanjung Selayar'),
(2325, 189, 'Banua Lawas'),
(2326, 189, 'Bintang Ara'),
(2327, 189, 'Haruai'),
(2328, 189, 'Jaro'),
(2329, 189, 'Kelua'),
(2330, 189, 'Muara Harus'),
(2331, 189, 'Muara Uya'),
(2332, 189, 'Murung Pudak'),
(2333, 189, 'Pugaan'),
(2334, 189, 'Tanjung'),
(2335, 189, 'Tanta'),
(2336, 189, 'Upau'),
(2337, 190, 'Angsana'),
(2338, 190, 'Batulicin'),
(2339, 190, 'Karang Bintang'),
(2340, 190, 'Kuranji'),
(2341, 190, 'Mantewe'),
(2342, 190, 'Satui'),
(2343, 190, 'Simpang Empat'),
(2344, 190, 'Sungai Loban'),
(2345, 190, 'Teluk Kepayang'),
(2346, 191, 'Bajuin'),
(2347, 191, 'Batu Ampar'),
(2348, 191, 'Bumi Makmur'),
(2349, 191, 'Jorong'),
(2350, 191, 'Kintap'),
(2351, 191, 'Kurau'),
(2352, 191, 'Panyipatan'),
(2353, 191, 'Pelaihari'),
(2354, 191, 'Takisung'),
(2355, 191, 'Tambang Ulang'),
(2356, 192, 'Bakarangan'),
(2357, 192, 'Binuang'),
(2358, 192, 'Candi Laras Selatan'),
(2359, 192, 'Candi Laras Utara'),
(2360, 192, 'Hatungun'),
(2361, 192, 'Lokpaikat'),
(2362, 192, 'Piani'),
(2363, 192, 'Salam Babaris'),
(2364, 192, 'Tapin Selatan'),
(2365, 192, 'Tapin Tengah'),
(2366, 192, 'Tapin Utara'),
(2367, 192, 'Raya'),
(2368, 193, 'Cempaka'),
(2369, 193, 'Landasan Ulin'),
(2370, 193, 'Liang Anggang'),
(2371, 193, 'Banjarbaru Utara'),
(2372, 193, 'Banjarbaru Selatan'),
(2373, 194, 'Banjarmasin Barat'),
(2374, 194, 'Banjarmasin Selatan'),
(2375, 194, 'Banjarmasin Tengah'),
(2376, 194, 'Banjarmasin Timur'),
(2377, 194, 'Banjarmasin Utara'),
(2378, 195, 'Batu Putih'),
(2379, 195, 'Biatan'),
(2380, 195, 'Biduk-Biduk'),
(2381, 195, 'Gunung Tabur'),
(2382, 195, 'Kelay'),
(2383, 195, 'Maratua'),
(2384, 195, 'Pulau Derawan'),
(2385, 195, 'Sambaliung'),
(2386, 195, 'Segah'),
(2387, 195, 'Tabalar'),
(2388, 195, 'Talisayan'),
(2389, 195, 'Tanjung Redeb'),
(2390, 195, 'Teluk Bayur'),
(2391, 196, 'Barong Tongkok'),
(2392, 196, 'Bentian Besar'),
(2393, 196, 'Bongan'),
(2394, 196, 'Damai'),
(2395, 196, 'Jempang'),
(2396, 196, 'Linggang Bigung'),
(2397, 196, 'Long Iram'),
(2398, 196, 'Melak'),
(2399, 196, 'Mook Manaar Bulatn'),
(2400, 196, 'Muara Lawa'),
(2401, 196, 'Muara Pahu'),
(2402, 196, 'Nyuatan'),
(2403, 196, 'Penyinggahan'),
(2404, 196, 'Sekolaq Darat'),
(2405, 196, 'Siluq Ngurai'),
(2406, 196, 'Tering'),
(2407, 197, 'Anggana'),
(2408, 197, 'Kembang Janggut'),
(2409, 197, 'Kenohan'),
(2410, 197, 'Kota Bangun'),
(2411, 197, 'Loa Janan'),
(2412, 197, 'Loa Kulu'),
(2413, 197, 'Marang Kayu'),
(2414, 197, 'Muara Badak'),
(2415, 197, 'Muara Jawa'),
(2416, 197, 'Muara Kaman'),
(2417, 197, 'Muara Muntai'),
(2418, 197, 'Muara Wis'),
(2419, 197, 'Samboja'),
(2420, 197, 'Sanga-Sanga'),
(2421, 197, 'Sebulu'),
(2422, 197, 'Tabang'),
(2423, 197, 'Tenggarong'),
(2424, 197, 'Tenggarong Seberang'),
(2425, 198, 'Batu Ampar'),
(2426, 198, 'Bengalon'),
(2427, 198, 'Busang'),
(2428, 198, 'Kaliorang'),
(2429, 198, 'Karangan'),
(2430, 198, 'Kaubun'),
(2431, 198, 'Kongbeng'),
(2432, 198, 'Long Mesangat'),
(2433, 198, 'Muara Ancalong'),
(2434, 198, 'Muara Wahau'),
(2435, 198, 'Muara Bengkal'),
(2436, 198, 'Rantau Pulung'),
(2437, 198, 'Sandaran'),
(2438, 198, 'Sangatta Selatan'),
(2439, 198, 'Sangatta Utara'),
(2440, 198, 'Sangkulirang'),
(2441, 198, 'Telen'),
(2442, 198, 'Teluk Pandan'),
(2443, 199, 'Laham'),
(2444, 199, 'Long Apari'),
(2445, 199, 'Long Bagun'),
(2446, 199, 'Long Hubung'),
(2447, 199, 'Long Pahangai'),
(2448, 200, 'Balikpapan Barat'),
(2449, 200, 'Balikpapan Selatan'),
(2450, 200, 'Balikpapan Tengah'),
(2451, 200, 'Balikpapan Timur'),
(2452, 200, 'Balikpapan Utara'),
(2453, 200, 'Balikpapan Kota'),
(2454, 201, 'Bontang Barat'),
(2455, 201, 'Bontang Selatan'),
(2456, 201, 'Bontang Utara'),
(2457, 202, 'Loa Janan Ilir'),
(2458, 202, 'Palaran'),
(2459, 202, 'Samarinda Ilir'),
(2460, 202, 'Samarinda Kota'),
(2461, 202, 'Samarinda Seberang'),
(2462, 202, 'Samarinda Ulu'),
(2463, 202, 'Samarinda Utara'),
(2464, 202, 'Sambutan'),
(2465, 202, 'Sungai Kunjang'),
(2466, 202, 'Sungai Pinang'),
(2467, 203, 'Sepaku'),
(2468, 203, 'Samboja'),
(2469, 203, 'Muara Jawa'),
(2470, 203, 'Loa Kulu'),
(2471, 203, 'Loa Janan'),
(2472, 203, 'Kota Bangun'),
(2473, 204, 'Bunyu'),
(2474, 204, 'Peso'),
(2475, 204, 'Peso Hilir'),
(2476, 204, 'Sekatak'),
(2477, 204, 'Tanjung Palas'),
(2478, 204, 'Tanjung Palas Barat'),
(2479, 204, 'Tanjung Palas Tengah'),
(2480, 204, 'Tanjung Palas Timur'),
(2481, 204, 'Tanjung Palas Utara'),
(2482, 204, 'Tanjung Selor'),
(2483, 205, 'Bahau Hulu'),
(2484, 205, 'Kayan Hilir'),
(2485, 205, 'Kayan Hulu'),
(2486, 205, 'Kayan Selatan'),
(2487, 205, 'Malinau Barat'),
(2488, 205, 'Malinau Kota'),
(2489, 205, 'Malinau Selatan'),
(2490, 205, 'Malinau Selatan Hilir'),
(2491, 205, 'Malinau Selatan Hulu'),
(2492, 205, 'Malinau Utara'),
(2493, 205, 'Mentarang'),
(2494, 205, 'Mentarang Hulu'),
(2495, 205, 'Pujungan'),
(2496, 205, 'Sungai Boh'),
(2497, 205, 'Sungai Tubu'),
(2498, 206, 'Krayan'),
(2499, 206, 'Krayan Barat'),
(2500, 206, 'Krayan Tengah'),
(2501, 206, 'Krayan Timur'),
(2502, 206, 'Krayan Selatan'),
(2503, 206, 'Lumbis'),
(2504, 206, 'Lumbis Hulu'),
(2505, 206, 'Lumbis Ogong'),
(2506, 206, 'Lumbis Pansiangan'),
(2507, 206, 'Nunukan'),
(2508, 206, 'Nunukan Selatan'),
(2509, 206, 'Sebatik'),
(2510, 206, 'Sebatik Barat'),
(2511, 206, 'Sebatik Tengah'),
(2512, 206, 'Sebatik Timur'),
(2513, 206, 'Sebatik Utara'),
(2514, 206, 'Sebuku'),
(2515, 206, 'Sei Menggaris'),
(2516, 206, 'Sembakung'),
(2517, 206, 'Sembakung Atulai'),
(2518, 206, 'Tulin Onsoi'),
(2519, 207, 'Betayau'),
(2520, 207, 'Muruk Rian'),
(2521, 207, 'Sesayap'),
(2522, 207, 'Sesayap Hilir'),
(2523, 207, 'Tana Lia'),
(2524, 208, 'Tarakan Barat'),
(2525, 208, 'Tarakan Tengah'),
(2526, 208, 'Tarakan Timur'),
(2527, 208, 'Tarakan Utara'),
(2528, 209, 'Bilalang'),
(2529, 209, 'Bolaang'),
(2530, 209, 'Bolaang Timur'),
(2531, 209, 'Dumoga'),
(2532, 209, 'Dumoga Barat'),
(2533, 209, 'Dumoga Tengah'),
(2534, 209, 'Dumoga Tenggara'),
(2535, 209, 'Dumoga Timur'),
(2536, 209, 'Dumoga Utara'),
(2537, 209, 'Lolak'),
(2538, 209, 'Lolayan'),
(2539, 209, 'Passi Barat'),
(2540, 209, 'Passi Timur'),
(2541, 209, 'Poigar'),
(2542, 209, 'Sangtombolang'),
(2543, 210, 'Bolaang Uki'),
(2544, 210, 'Helumo'),
(2545, 210, 'Pinolosian'),
(2546, 210, 'Pinolosian Tengah'),
(2547, 210, 'Pinolosian Timur'),
(2548, 210, 'Posigadan'),
(2549, 210, 'Tomini'),
(2550, 211, 'Kotabunan'),
(2551, 211, 'Modayag'),
(2552, 211, 'Modayag Barat'),
(2553, 211, 'Mooat'),
(2554, 211, 'Motongkad'),
(2555, 211, 'Nuangan'),
(2556, 211, 'Tutuyan'),
(2557, 212, 'Bintauna'),
(2558, 212, 'Bolangitang Barat'),
(2559, 212, 'Bolangitang Timur'),
(2560, 212, 'Kaidipang'),
(2561, 212, 'Pinogaluman'),
(2562, 212, 'Sangkub'),
(2563, 213, 'Kendahe'),
(2564, 213, 'Kepulauan Marore'),
(2565, 213, 'Manganitu'),
(2566, 213, 'Manganitu Selatan'),
(2567, 213, 'Nusa Tabukan'),
(2568, 213, 'Tabukan Selatan'),
(2569, 213, 'Tabukan Selatan Tengah'),
(2570, 213, 'Tabukan Selatan Tenggara'),
(2571, 213, 'Tabukan Tengah'),
(2572, 213, 'Tabukan Utara'),
(2573, 213, 'Tahuna'),
(2574, 213, 'Tahuna Barat'),
(2575, 213, 'Tahuna Timur'),
(2576, 213, 'Tamako'),
(2577, 213, 'Tatoareng'),
(2578, 214, 'Biaro'),
(2579, 214, 'Siau Barat'),
(2580, 214, 'Siau Barat Selatan'),
(2581, 214, 'Siau Barat Utara'),
(2582, 214, 'Siau Tengah'),
(2583, 214, 'Siau Timur'),
(2584, 214, 'Siau Timur Selatan'),
(2585, 214, 'Tagulandang'),
(2586, 214, 'Tagulandang Selatan'),
(2587, 214, 'Tagulandang Utara'),
(2588, 215, 'Beo'),
(2589, 215, 'Beo Selatan'),
(2590, 215, 'Beo Utara'),
(2591, 215, 'Damau'),
(2592, 215, 'Gemeh'),
(2593, 215, 'Essang'),
(2594, 215, 'Essang Selatan'),
(2595, 215, 'Kabaruan'),
(2596, 215, 'Kalongan'),
(2597, 215, 'Lirung'),
(2598, 215, 'Melonguane'),
(2599, 215, 'Melonguane Timur'),
(2600, 215, 'Miangas'),
(2601, 215, 'Moronge'),
(2602, 215, 'Nanusa'),
(2603, 215, 'Pulutan'),
(2604, 215, 'Rainis'),
(2605, 215, 'Salibabu'),
(2606, 215, 'Tampan\' Amma'),
(2607, 216, 'Eris'),
(2608, 216, 'Kakas'),
(2609, 216, 'Kakas Barat'),
(2610, 216, 'Kawangkoan'),
(2611, 216, 'Kawangkoan Barat'),
(2612, 216, 'Kawangkoan Utara'),
(2613, 216, 'Kombi'),
(2614, 216, 'Langowan Barat'),
(2615, 216, 'Langowan Selatan'),
(2616, 216, 'Langowan Timur'),
(2617, 216, 'Langowan Utara'),
(2618, 216, 'Lembean Timur'),
(2619, 216, 'Mandolang'),
(2620, 216, 'Pineleng'),
(2621, 216, 'Remboken'),
(2622, 216, 'Sonder'),
(2623, 216, 'Tombariri'),
(2624, 216, 'Tombariri Timur'),
(2625, 216, 'Tombulu'),
(2626, 216, 'Tompaso'),
(2627, 216, 'Tompaso Barat'),
(2628, 216, 'Tondano Barat'),
(2629, 216, 'Tondano Selatan'),
(2630, 216, 'Tondano Timur'),
(2631, 216, 'Tondano Utara'),
(2632, 217, 'Amurang'),
(2633, 217, 'Amurang Barat'),
(2634, 217, 'Amurang Timur'),
(2635, 217, 'Kumelembuai'),
(2636, 217, 'Maesaan'),
(2637, 217, 'Modoinding'),
(2638, 217, 'Motoling'),
(2639, 217, 'Motoling Barat'),
(2640, 217, 'Motoling Timur'),
(2641, 217, 'Ranoyapo'),
(2642, 217, 'Sinonsayang'),
(2643, 217, 'Suluun Tareran'),
(2644, 217, 'Tareran'),
(2645, 217, 'Tatapaan'),
(2646, 217, 'Tenga'),
(2647, 217, 'Tompasobaru'),
(2648, 217, 'Tumpaan'),
(2649, 218, 'Belang'),
(2650, 218, 'Pusomaen'),
(2651, 218, 'Ratahan'),
(2652, 218, 'Ratahan Timur'),
(2653, 218, 'Silian Raya'),
(2654, 218, 'Tombatu'),
(2655, 218, 'Tombatu Timur'),
(2656, 218, 'Tombatu Utara'),
(2657, 218, 'Touluaan'),
(2658, 218, 'Touluaan Selatan'),
(2659, 219, 'Airmadidi'),
(2660, 219, 'Dimembe'),
(2661, 219, 'Kalawat'),
(2662, 219, 'Kauditan'),
(2663, 219, 'Kema'),
(2664, 219, 'Likupang Barat'),
(2665, 219, 'Likupang Selatan'),
(2666, 219, 'Likupang Timur'),
(2667, 219, 'Talawaan'),
(2668, 219, 'Wori'),
(2669, 220, 'Aertembaga'),
(2670, 220, 'Girian'),
(2671, 220, 'Lembeh Selatan'),
(2672, 220, 'Lembeh Utara'),
(2673, 220, 'Madidir'),
(2674, 220, 'Maesa'),
(2675, 220, 'Matuari'),
(2676, 220, 'Ranowulu'),
(2677, 221, 'Kotamobagu Barat'),
(2678, 221, 'Kotamobagu Selatan'),
(2679, 221, 'Kotamobagu Timur'),
(2680, 221, 'Kotamobagu Utara'),
(2681, 222, 'Bunaken'),
(2682, 222, 'Bunaken Kepulauan'),
(2683, 222, 'Malalayang'),
(2684, 222, 'Mapanget'),
(2685, 222, 'Paal Dua'),
(2686, 222, 'Sario'),
(2687, 222, 'Singkil'),
(2688, 222, 'Tikala'),
(2689, 222, 'Tuminting'),
(2690, 222, 'Wanea'),
(2691, 222, 'Wenang'),
(2692, 223, 'Tomohon Barat'),
(2693, 223, 'Tomohon Selatan'),
(2694, 223, 'Tomohon Tengah'),
(2695, 223, 'Tomohon Timur'),
(2696, 223, 'Tomohon Utara'),
(2697, 224, 'Balantak'),
(2698, 224, 'Balantak Selatan'),
(2699, 224, 'Balantak Utara'),
(2700, 224, 'Batui'),
(2701, 224, 'Batui Selatan'),
(2702, 224, 'Bualemo'),
(2703, 224, 'Bunta'),
(2704, 224, 'Kintom'),
(2705, 224, 'Lamala'),
(2706, 224, 'Lobu'),
(2707, 224, 'Luwuk'),
(2708, 224, 'Luwuk Selatan'),
(2709, 224, 'Luwuk Timur'),
(2710, 224, 'Luwuk Utara'),
(2711, 224, 'Mantoh'),
(2712, 224, 'Masama'),
(2713, 224, 'Moilong'),
(2714, 224, 'Nambo'),
(2715, 224, 'Nuhon'),
(2716, 224, 'Pagimana'),
(2717, 224, 'Simpang Raya'),
(2718, 224, 'Toili'),
(2719, 224, 'Toili Barat'),
(2720, 224, 'Toili Jaya'),
(2721, 225, 'Buko'),
(2722, 225, 'Buko Selatan'),
(2723, 225, 'Bulagi'),
(2724, 225, 'Bulagi Selatan'),
(2725, 225, 'Bulagi Utara'),
(2726, 225, 'Liang'),
(2727, 225, 'Peling Tengah'),
(2728, 225, 'Tinangkung'),
(2729, 225, 'Tinangkung Selatan'),
(2730, 225, 'Tinangkung Utara'),
(2731, 225, 'Totikum'),
(2732, 225, 'Totikum Selatan'),
(2733, 226, 'Banggai'),
(2734, 226, 'Banggai Selatan'),
(2735, 226, 'Banggai Tengah'),
(2736, 226, 'Banggai Utara'),
(2737, 226, 'Bangkurung'),
(2738, 226, 'Bokan Kepulauan'),
(2739, 226, 'Labobo'),
(2740, 227, 'Biau'),
(2741, 227, 'Bokat'),
(2742, 227, 'Bukal'),
(2743, 227, 'Bunobogu'),
(2744, 227, 'Gadung'),
(2745, 227, 'Karamat'),
(2746, 227, 'Lakea'),
(2747, 227, 'Momunu'),
(2748, 227, 'Paleleh'),
(2749, 227, 'Paleleh Barat'),
(2750, 227, 'Tiloan'),
(2751, 228, 'Balaesang'),
(2752, 228, 'Balaesang Tanjung'),
(2753, 228, 'Banawa'),
(2754, 228, 'Banawa Selatan'),
(2755, 228, 'Banawa Tengah'),
(2756, 228, 'Dampelas'),
(2757, 228, 'Labuan'),
(2758, 228, 'Pinembani'),
(2759, 228, 'Rio Pakava'),
(2760, 228, 'Sindue'),
(2761, 228, 'Sindue Tobata'),
(2762, 228, 'Sindue Tombusabora'),
(2763, 228, 'Sirenja'),
(2764, 228, 'Sojol'),
(2765, 228, 'Sojol Utara'),
(2766, 228, 'Tanantovea'),
(2767, 229, 'Bahodopi'),
(2768, 229, 'Bumi Raya'),
(2769, 229, 'Bungku Barat'),
(2770, 229, 'Bungku Pesisir'),
(2771, 229, 'Bungku Selatan'),
(2772, 229, 'Bungku Tengah'),
(2773, 229, 'Bungku Timur'),
(2774, 229, 'Menui Kepulauan'),
(2775, 229, 'Wita Ponda'),
(2776, 230, 'Bungku Utara'),
(2777, 230, 'Lembo'),
(2778, 230, 'Lembo Raya'),
(2779, 230, 'Mamosalato'),
(2780, 230, 'Mori Atas'),
(2781, 230, 'Mori Utara'),
(2782, 230, 'Petasia'),
(2783, 230, 'Petasia Barat'),
(2784, 230, 'Petasia Timur'),
(2785, 230, 'Soyojaya'),
(2786, 231, 'Ampibabo'),
(2787, 231, 'Balinggi'),
(2788, 231, 'Bolano'),
(2789, 231, 'Bolano Lambunu'),
(2790, 231, 'Kasimbar'),
(2791, 231, 'Mepanga'),
(2792, 231, 'Moutong'),
(2793, 231, 'Ongka Malino'),
(2794, 231, 'Palasa'),
(2795, 231, 'Parigi'),
(2796, 231, 'Parigi Barat'),
(2797, 231, 'Parigi Selatan'),
(2798, 231, 'Parigi Tengah'),
(2799, 231, 'Parigi Utara'),
(2800, 231, 'Sausu'),
(2801, 231, 'Sidoan'),
(2802, 231, 'Siniu'),
(2803, 231, 'Taopa'),
(2804, 231, 'Tinombo'),
(2805, 231, 'Tinombo Selatan'),
(2806, 231, 'Tomini'),
(2807, 231, 'Toribulu'),
(2808, 231, 'Torue'),
(2809, 232, 'Lage'),
(2810, 232, 'Lore Barat'),
(2811, 232, 'Lore Peore'),
(2812, 232, 'Lore Selatan'),
(2813, 232, 'Lore Tengah'),
(2814, 232, 'Lore Timur'),
(2815, 232, 'Lore Utara'),
(2816, 232, 'Pamona Barat'),
(2817, 232, 'Pamona Puselemba'),
(2818, 232, 'Pamona Selatan'),
(2819, 232, 'Pamona Tenggara'),
(2820, 232, 'Pamona Timur'),
(2821, 232, 'Pamona Utara'),
(2822, 232, 'Poso Kota'),
(2823, 232, 'Poso Kota Selatan'),
(2824, 232, 'Poso Kota Utara'),
(2825, 232, 'Poso Pesisir'),
(2826, 232, 'Poso Pesisir Selatan'),
(2827, 232, 'Poso Pesisir Utara'),
(2828, 233, 'Dolo'),
(2829, 233, 'Dolo Barat'),
(2830, 233, 'Dolo Selatan'),
(2831, 233, 'Gumbasa'),
(2832, 233, 'Kinovaro'),
(2833, 233, 'Kulawi'),
(2834, 233, 'Kulawi Selatan'),
(2835, 233, 'Lindu'),
(2836, 233, 'Marawola'),
(2837, 233, 'Marawola Barat'),
(2838, 233, 'Nokilalaki'),
(2839, 233, 'Palolo'),
(2840, 233, 'Pipikoro'),
(2841, 233, 'Sigi Biromaru'),
(2842, 233, 'Sigi Kota'),
(2843, 233, 'Tanambulava'),
(2844, 234, 'Ampana Kota'),
(2845, 234, 'Ampana Tete'),
(2846, 234, 'Batudaka'),
(2847, 234, 'Ratolindo'),
(2848, 234, 'Talatako'),
(2849, 234, 'Togean'),
(2850, 234, 'Tojo'),
(2851, 234, 'Tojo Barat'),
(2852, 234, 'Ulu Bongka'),
(2853, 234, 'Una-Una'),
(2854, 234, 'Walea Besar'),
(2855, 234, 'Walea Kepulauan'),
(2856, 235, 'Baolan'),
(2857, 235, 'Basidondo'),
(2858, 235, 'Dako Pamean'),
(2859, 235, 'Dampal Selatan'),
(2860, 235, 'Dampal Utara'),
(2861, 235, 'Dondo'),
(2862, 235, 'Galang'),
(2863, 235, 'Lampasio'),
(2864, 235, 'Ogo Deide'),
(2865, 235, 'Tolitoli Utara'),
(2866, 236, 'Mantikulore'),
(2867, 236, 'Palu Barat'),
(2868, 236, 'Palu Selatan'),
(2869, 236, 'Palu Timur'),
(2870, 236, 'Palu Utara'),
(2871, 236, 'Tatanga'),
(2872, 236, 'Tawaeli'),
(2873, 236, 'Ulujadi'),
(2874, 237, 'Bantaeng'),
(2875, 237, 'Bissappu'),
(2876, 237, 'Eremerasa'),
(2877, 237, 'Gantarangkeke'),
(2878, 237, 'Pajukukang'),
(2879, 237, 'Sinoa'),
(2880, 237, 'Tompobulu'),
(2881, 237, 'Uluere'),
(2882, 238, 'Balusu'),
(2883, 238, 'Barru'),
(2884, 238, 'Mallusetasi'),
(2885, 238, 'Pujananting'),
(2886, 238, 'Soppeng Riaja'),
(2887, 238, 'Tanete Riaja'),
(2888, 238, 'Tanete Rilau'),
(2889, 239, 'Ajangale'),
(2890, 239, 'Amali'),
(2891, 239, 'Awangpone'),
(2892, 239, 'Barebbo'),
(2893, 239, 'Bengo'),
(2894, 239, 'Bontocani'),
(2895, 239, 'Cenrana'),
(2896, 239, 'Cina'),
(2897, 239, 'Dua Boccoe'),
(2898, 239, 'Kahu'),
(2899, 239, 'Kajuara'),
(2900, 239, 'Lamuru'),
(2901, 239, 'Lappariaja'),
(2902, 239, 'Libureng'),
(2903, 239, 'Mare'),
(2904, 239, 'Palakka'),
(2905, 239, 'Patimpeng'),
(2906, 239, 'Ponre'),
(2907, 239, 'Salomekko'),
(2908, 239, 'Sibulue'),
(2909, 239, 'Tanete Riattang'),
(2910, 239, 'Tanete Riattang Barat'),
(2911, 239, 'Tanete Riattang Timur'),
(2912, 239, 'Tellu Limpoe'),
(2913, 239, 'Tellu Siattinge'),
(2914, 239, 'Tonra'),
(2915, 239, 'Ulaweng'),
(2916, 240, 'Bonto Bahari'),
(2917, 240, 'Bontotiro'),
(2918, 240, 'Bulukumpa'),
(2919, 240, 'Gantarang'),
(2920, 240, 'Hero Lange-Lange'),
(2921, 240, 'Kajang'),
(2922, 240, 'Kindang'),
(2923, 240, 'Rilau Ale'),
(2924, 240, 'Ujung Bulu'),
(2925, 240, 'Ujung Loe'),
(2926, 241, 'Alla'),
(2927, 241, 'Anggeraja'),
(2928, 241, 'Baraka'),
(2929, 241, 'Baroko'),
(2930, 241, 'Bungin'),
(2931, 241, 'Buntu Batu'),
(2932, 241, 'Cendana'),
(2933, 241, 'Curio'),
(2934, 241, 'Enrekang'),
(2935, 241, 'Maiwa'),
(2936, 241, 'Malua'),
(2937, 241, 'Masalle'),
(2938, 242, 'Biringbulu'),
(2939, 242, 'Bontolempangan'),
(2940, 242, 'Bungaya'),
(2941, 242, 'Manuju'),
(2942, 242, 'Pallangga'),
(2943, 242, 'Parangloe'),
(2944, 242, 'Parigi'),
(2945, 242, 'Pattallassang'),
(2946, 242, 'Somba Opu'),
(2947, 242, 'Tinggimoncong'),
(2948, 242, 'Tombolo Pao'),
(2949, 242, 'Tompobulu'),
(2950, 242, 'Barombong'),
(2951, 242, 'Bajeng'),
(2952, 242, 'Bajeng Barat'),
(2953, 242, 'Bontomarannu'),
(2954, 243, 'Arungkeke'),
(2955, 243, 'Batang'),
(2956, 243, 'Binamu'),
(2957, 243, 'Kelara'),
(2958, 243, 'Rumbia'),
(2959, 243, 'Tarowang'),
(2960, 243, 'Turatea'),
(2961, 243, 'Bangkala'),
(2962, 243, 'Bangkala Barat'),
(2963, 244, 'Benteng'),
(2964, 244, 'Bontoharu'),
(2965, 244, 'Bontomanai'),
(2966, 244, 'Bontosikuyu'),
(2967, 244, 'Buki'),
(2968, 244, 'Jampea Selatan'),
(2969, 244, 'Jampea Utara'),
(2970, 244, 'Pasimarannu'),
(2971, 244, 'Pasimasunggu'),
(2972, 244, 'Pasimasunggu Timur'),
(2973, 245, 'Bajo'),
(2974, 245, 'Bajo Barat'),
(2975, 245, 'Basse Sangtempe'),
(2976, 245, 'Basse Sangtempe Utara'),
(2977, 245, 'Belopa'),
(2978, 245, 'Belopa Utara'),
(2979, 245, 'Bupon'),
(2980, 245, 'Kamanre'),
(2981, 245, 'Lamasi'),
(2982, 245, 'Lamasi Timur'),
(2983, 245, 'Larompong'),
(2984, 245, 'Larompong Selatan'),
(2985, 245, 'Latimojong'),
(2986, 245, 'Ponrang'),
(2987, 245, 'Ponrang Selatan'),
(2988, 245, 'Suli'),
(2989, 245, 'Suli Barat'),
(2990, 245, 'Walenrang'),
(2991, 245, 'Walenrang Barat'),
(2992, 245, 'Walenrang Timur'),
(2993, 245, 'Walenrang Utara'),
(2994, 246, 'Burau'),
(2995, 246, 'Wotu'),
(2996, 246, 'Tomoni'),
(2997, 246, 'Tomoni Timur'),
(2998, 246, 'Angkona'),
(2999, 246, 'Malili'),
(3000, 246, 'Towuti'),
(3001, 246, 'Nuha'),
(3002, 246, 'Wasuponda'),
(3003, 246, 'Mangkutana'),
(3004, 246, 'Kalaena'),
(3005, 247, 'Baebunta'),
(3006, 247, 'Baebunta Selatan'),
(3007, 247, 'Bone-Bone'),
(3008, 247, 'Malangke'),
(3009, 247, 'Malangke Barat'),
(3010, 247, 'Mappedeceng'),
(3011, 247, 'Masamba'),
(3012, 247, 'Rampi'),
(3013, 247, 'Rongkong'),
(3014, 247, 'Sabbang'),
(3015, 247, 'Sabbang Selatan'),
(3016, 247, 'Seko'),
(3017, 247, 'Sukamaju'),
(3018, 247, 'Sukamaju Selatan'),
(3019, 247, 'Tana Lili'),
(3020, 248, 'Bantimurung'),
(3021, 248, 'Bontoa'),
(3022, 248, 'Camba'),
(3023, 248, 'Cenrana'),
(3024, 248, 'Lau'),
(3025, 248, 'Mallawa'),
(3026, 248, 'Mandai'),
(3027, 248, 'Maros Baru'),
(3028, 248, 'Marusu'),
(3029, 248, 'Moncongloe'),
(3030, 248, 'Simbang'),
(3031, 248, 'Tanralili'),
(3032, 248, 'Tompobulu'),
(3033, 248, 'Turikale'),
(3034, 249, 'Balocci'),
(3035, 249, 'Bungoro'),
(3036, 249, 'Labakkang'),
(3037, 249, 'Liukang Tangaya'),
(3038, 249, 'Liukang Kalmas'),
(3039, 249, 'Liukang Tupabbiring'),
(3040, 249, 'Liukang Tupabbiring Utara'),
(3041, 249, 'Mandalle'),
(3042, 249, 'Marang'),
(3043, 249, 'Minasatene'),
(3044, 249, 'Pangkajene'),
(3045, 249, 'Segeri'),
(3046, 249, 'Tondong Tallasa'),
(3047, 250, 'Batu Lappa'),
(3048, 250, 'Cempa'),
(3049, 250, 'Duampanua'),
(3050, 250, 'Lanrisang'),
(3051, 250, 'Lembang'),
(3052, 250, 'Mattiro Bulu'),
(3053, 250, 'Mattiro Sompe'),
(3054, 250, 'Paleteang'),
(3055, 250, 'Patampanua'),
(3056, 250, 'Suppa'),
(3057, 250, 'Tiroang'),
(3058, 250, 'Watang Sawitto'),
(3059, 251, 'Baranti'),
(3060, 251, 'Duapitue'),
(3061, 251, 'Kulo'),
(3062, 251, 'Maritengngae'),
(3063, 251, 'Panca Lautang'),
(3064, 251, 'Panca Rijang'),
(3065, 251, 'Pitu Riase'),
(3066, 251, 'Pitu Riawa'),
(3067, 251, 'Tellu Limpoe'),
(3068, 251, 'Watang Pulu'),
(3069, 251, 'Watang Sidenreng'),
(3070, 252, 'Bulupoddo'),
(3071, 252, 'Pulau Sembilan'),
(3072, 252, 'Sinjai Barat'),
(3073, 252, 'Sinjai Borong'),
(3074, 252, 'Sinjai Selatan'),
(3075, 252, 'Sinjai Tengah'),
(3076, 252, 'Sinjai Timur'),
(3077, 252, 'Sinjai Utara'),
(3078, 252, 'Tellu Limpoe'),
(3079, 253, 'Citta'),
(3080, 253, 'Donri-Donri'),
(3081, 253, 'Ganra'),
(3082, 253, 'Lalabata'),
(3083, 253, 'Liliriaja'),
(3084, 253, 'Lilirilau'),
(3085, 253, 'Marioriawa'),
(3086, 253, 'Marioriwawo'),
(3087, 254, 'Galesong'),
(3088, 254, 'Galesong Selatan'),
(3089, 254, 'Galesong Utara'),
(3090, 254, 'Kepulauan Tanakeke'),
(3091, 254, 'Laikang'),
(3092, 254, 'Mangarabombang'),
(3093, 254, 'Mappakasunggu'),
(3094, 254, 'Pattallassang'),
(3095, 254, 'Polongbangkeng Selatan'),
(3096, 254, 'Polongbangkeng Timur'),
(3097, 254, 'Polongbangkeng Utara'),
(3098, 254, 'Sanrobone'),
(3099, 255, 'Bittuang'),
(3100, 255, 'Bonggakaradeng'),
(3101, 255, 'Gandangbatu Sillanan'),
(3102, 255, 'Kurra'),
(3103, 255, 'Makale'),
(3104, 255, 'Makale Selatan'),
(3105, 255, 'Makale Utara'),
(3106, 255, 'Malimbong Balepe'),
(3107, 255, 'Mappak'),
(3108, 255, 'Masanda'),
(3109, 255, 'Mengkendek'),
(3110, 255, 'Rano'),
(3111, 255, 'Rantetayo'),
(3112, 255, 'Rembon'),
(3113, 255, 'Saluputi'),
(3114, 255, 'Sangalla'),
(3115, 255, 'Sangalla Selatan'),
(3116, 255, 'Sangalla Utara'),
(3117, 255, 'Simbuang'),
(3118, 256, 'Awan Rante Karua'),
(3119, 256, 'Balusu'),
(3120, 256, 'Bangkelekila'),
(3121, 256, 'Baruppu'),
(3122, 256, 'Buntao'),
(3123, 256, 'Buntu Pepasan'),
(3124, 256, 'Dende Piongan Napo'),
(3125, 256, 'Kapala Pitu'),
(3126, 256, 'Kesu'),
(3127, 256, 'Nanggala'),
(3128, 256, 'Rantebua'),
(3129, 256, 'Rantepao'),
(3130, 256, 'Rindingallo'),
(3131, 256, 'Sadan'),
(3132, 256, 'Sanggalangi'),
(3133, 256, 'Sesean'),
(3134, 256, 'Sesean Suloara'),
(3135, 256, 'Sopai'),
(3136, 256, 'Tallunglipu'),
(3137, 256, 'Tikala'),
(3138, 256, 'Tondon'),
(3139, 257, 'Belawa'),
(3140, 257, 'Bola'),
(3141, 257, 'Gilireng'),
(3142, 257, 'Keera'),
(3143, 257, 'Majauleng'),
(3144, 257, 'Maniang Pajo'),
(3145, 257, 'Pammana'),
(3146, 257, 'Penrang'),
(3147, 257, 'Pitumpanua'),
(3148, 257, 'Sabbangparu'),
(3149, 257, 'Sajoanging'),
(3150, 257, 'Takkalalla'),
(3151, 257, 'Tanasitolo'),
(3152, 257, 'Tempe'),
(3153, 258, 'Biringkanaya'),
(3154, 258, 'Bontoala'),
(3155, 258, 'Kepulauan Sangkarrang'),
(3156, 258, 'Makassar'),
(3157, 258, 'Mamajang'),
(3158, 258, 'Manggala'),
(3159, 258, 'Mariso'),
(3160, 258, 'Panakkukang'),
(3161, 258, 'Rappocini'),
(3162, 258, 'Tallo'),
(3163, 258, 'Tamalanrea'),
(3164, 258, 'Tamalate'),
(3165, 258, 'Ujung Pandang'),
(3166, 258, 'Ujung Tanah'),
(3167, 258, 'Wajo'),
(3168, 259, 'Bara'),
(3169, 259, 'Mungkajang'),
(3170, 259, 'Sendana'),
(3171, 259, 'Telluwanua'),
(3172, 259, 'Wara'),
(3173, 259, 'Wara Barat'),
(3174, 259, 'Wara Selatan'),
(3175, 259, 'Wara Timur'),
(3176, 259, 'Wara Utara'),
(3177, 260, 'Bacukiki'),
(3178, 260, 'Bacukiki Barat'),
(3179, 260, 'Soreang'),
(3180, 260, 'Ujung'),
(3181, 261, 'Kabaena'),
(3182, 261, 'Kabaena Barat'),
(3183, 261, 'Kabaena Selatan'),
(3184, 261, 'Kabaena Tengah'),
(3185, 261, 'Kabaena Timur'),
(3186, 261, 'Kabaena Utara'),
(3187, 261, 'Kepulauan Masaloka Raya'),
(3188, 261, 'Lantari Jaya'),
(3189, 261, 'Mata Oleo'),
(3190, 261, 'Mata Usu'),
(3191, 261, 'Poleang'),
(3192, 261, 'Poleang Barat'),
(3193, 261, 'Poleang Selatan'),
(3194, 261, 'Poleang Tengah'),
(3195, 261, 'Poleang Tenggara'),
(3196, 261, 'Poleang Timur'),
(3197, 261, 'Poleang Utara'),
(3198, 261, 'Rarowatu'),
(3199, 261, 'Rarowatu Utara'),
(3200, 261, 'Rumbia'),
(3201, 261, 'Rumbia Tengah'),
(3202, 261, 'Tontonunu'),
(3203, 262, 'Kapontori'),
(3204, 262, 'Lasalimu'),
(3205, 262, 'Lasalimu Selatan'),
(3206, 262, 'Pasarwajo'),
(3207, 262, 'Siotapina'),
(3208, 262, 'Wolowa'),
(3209, 262, 'Wabula'),
(3210, 263, 'Batauga'),
(3211, 263, 'Batu Atas'),
(3212, 263, 'Kadatua'),
(3213, 263, 'Lapandewa'),
(3214, 263, 'Sampolawa'),
(3215, 263, 'Siompu'),
(3216, 263, 'Siompu Barat'),
(3217, 264, 'Gu'),
(3218, 264, 'Lakudo'),
(3219, 264, 'Mawasangka'),
(3220, 264, 'Mawasangka Tengah'),
(3221, 264, 'Mawasangka Timur'),
(3222, 264, 'Sangia Wambulu'),
(3223, 264, 'Talaga Raya'),
(3224, 265, 'Bonegunu'),
(3225, 265, 'Kambowa'),
(3226, 265, 'Kulisusu'),
(3227, 265, 'Kulisusu Barat'),
(3228, 265, 'Kulisusu Utara'),
(3229, 265, 'Wakorumba Utara'),
(3230, 266, 'Baula'),
(3231, 266, 'Iwoimendaa'),
(3232, 266, 'Kolaka'),
(3233, 266, 'Latambaga'),
(3234, 266, 'Polinggona'),
(3235, 266, 'Pomalaa'),
(3236, 266, 'Samaturu'),
(3237, 266, 'Tanggetada'),
(3238, 266, 'Toari'),
(3239, 266, 'Watubangga'),
(3240, 266, 'Wolo'),
(3241, 266, 'Wundulako'),
(3242, 267, 'Aere'),
(3243, 267, 'Dangia'),
(3244, 267, 'Ladongi'),
(3245, 267, 'Lalolae'),
(3246, 267, 'Lambandia'),
(3247, 267, 'Loea'),
(3248, 267, 'Mowewe'),
(3249, 267, 'Poli Polia'),
(3250, 267, 'Tinondo'),
(3251, 267, 'Tirawuta'),
(3252, 267, 'Uluiwoi'),
(3253, 267, 'Ueesi'),
(3254, 268, 'Batu Putih'),
(3255, 268, 'Beropa'),
(3256, 268, 'Katoi'),
(3257, 268, 'Kodeoha'),
(3258, 268, 'Kolaka'),
(3259, 268, 'Lasusua'),
(3260, 268, 'Ngapa'),
(3261, 268, 'Pakue'),
(3262, 268, 'Pakue Tengah'),
(3263, 268, 'Pakue Utara'),
(3264, 268, 'Porehu'),
(3265, 268, 'Ranteangin'),
(3266, 268, 'Tiwu'),
(3267, 268, 'Tolala'),
(3268, 268, 'Wawo'),
(3269, 269, 'Abuki'),
(3270, 269, 'Amonggedo'),
(3271, 269, 'Anggaberi'),
(3272, 269, 'Anggalomoare'),
(3273, 269, 'Asinua'),
(3274, 269, 'Besulutu'),
(3275, 269, 'Bondoala'),
(3276, 269, 'Kapoiala'),
(3277, 269, 'Konawe'),
(3278, 269, 'Lalonggasumeeto'),
(3279, 269, 'Lambuya'),
(3280, 269, 'Latoma'),
(3281, 269, 'Meluhu'),
(3282, 269, 'Morosi'),
(3283, 269, 'Onembute'),
(3284, 269, 'Padangguni'),
(3285, 269, 'Pondidaha'),
(3286, 269, 'Puriala'),
(3287, 269, 'Routa'),
(3288, 269, 'Sampara'),
(3289, 269, 'Soropia'),
(3290, 269, 'Tongauna'),
(3291, 269, 'Tongauna Utara'),
(3292, 269, 'Uepai'),
(3293, 269, 'Unaaha'),
(3294, 269, 'Wawotobi'),
(3295, 269, 'Wonggeduku'),
(3296, 269, 'Wonggeduku Barat'),
(3297, 270, 'Wawonii Barat'),
(3298, 270, 'Wawonii Selatan'),
(3299, 270, 'Wawonii Tengah'),
(3300, 270, 'Wawonii Tenggara'),
(3301, 270, 'Wawonii Timur'),
(3302, 270, 'Wawonii Timur Laut'),
(3303, 270, 'Wawonii Utara'),
(3304, 271, 'Angata'),
(3305, 271, 'Andoolo'),
(3306, 271, 'Andoolo Barat'),
(3307, 271, 'Baito'),
(3308, 271, 'Basala'),
(3309, 271, 'Benua'),
(3310, 271, 'Buke'),
(3311, 271, 'Kolono'),
(3312, 271, 'Kolono Timur'),
(3313, 271, 'Konda'),
(3314, 271, 'Laeya'),
(3315, 271, 'Lainea'),
(3316, 271, 'Lalembuu'),
(3317, 271, 'Landono'),
(3318, 271, 'Laonti'),
(3319, 271, 'Moramo'),
(3320, 271, 'Moramo Utara'),
(3321, 271, 'Mowila'),
(3322, 271, 'Palangga'),
(3323, 271, 'Palangga Selatan'),
(3324, 271, 'Ranomeeto'),
(3325, 271, 'Ranomeeto Barat'),
(3326, 271, 'Sabulakoa'),
(3327, 271, 'Tinanggea'),
(3328, 271, 'Wolasi'),
(3329, 272, 'Andowia'),
(3330, 272, 'Asera'),
(3331, 272, 'Langgikima'),
(3332, 272, 'Landawe'),
(3333, 272, 'Lasolo'),
(3334, 272, 'Lasolo Kepulauan'),
(3335, 272, 'Lembo'),
(3336, 272, 'Molawe'),
(3337, 272, 'Motui'),
(3338, 272, 'Oheo'),
(3339, 272, 'Sawa'),
(3340, 272, 'Wawolesea'),
(3341, 272, 'Wiwirano'),
(3342, 273, 'Batalaiworu'),
(3343, 273, 'Batukara'),
(3344, 273, 'Bone'),
(3345, 273, 'Duruka'),
(3346, 273, 'Kabangka'),
(3347, 273, 'Kabawo'),
(3348, 273, 'Katobu'),
(3349, 273, 'Kontu Kowuna'),
(3350, 273, 'Kontunaga'),
(3351, 273, 'Lasalepa'),
(3352, 273, 'Lohia'),
(3353, 273, 'Maligano'),
(3354, 273, 'Marobo'),
(3355, 273, 'Napabalano'),
(3356, 273, 'Parigi'),
(3357, 273, 'Pasi Kolaga'),
(3358, 273, 'Pasir Putih'),
(3359, 273, 'Tongkuno'),
(3360, 273, 'Tongkuno Selatan'),
(3361, 273, 'Towea'),
(3362, 273, 'Wakorumba Selatan'),
(3363, 273, 'Watopute'),
(3364, 274, 'Barangka'),
(3365, 274, 'Kusambi'),
(3366, 274, 'Lawa'),
(3367, 274, 'Maginti'),
(3368, 274, 'Napano Kusambi'),
(3369, 274, 'Sawerigadi'),
(3370, 274, 'Tiworo Kepulauan'),
(3371, 274, 'Tiworo Selatan'),
(3372, 274, 'Tiworo Tengah'),
(3373, 274, 'Tiworo Utara'),
(3374, 274, 'Wadaga'),
(3375, 275, 'Binongko'),
(3376, 275, 'Kaledupa'),
(3377, 275, 'Tomia'),
(3378, 275, 'Tomia Timur'),
(3379, 275, 'Wangi-Wangi'),
(3380, 276, 'Betoambari'),
(3381, 276, 'Bungi'),
(3382, 276, 'Batupoaro'),
(3383, 276, 'Kokalukuna'),
(3384, 276, 'Lea-Lea'),
(3385, 276, 'Murhum'),
(3386, 276, 'Sorawolio'),
(3387, 276, 'Wolio'),
(3388, 277, 'Baruga'),
(3389, 277, 'Kadia'),
(3390, 277, 'Kambu'),
(3391, 277, 'Kendari'),
(3392, 277, 'Kendari Barat'),
(3393, 277, 'Mandonga'),
(3394, 277, 'Poasia'),
(3395, 277, 'Puuwatu'),
(3396, 277, 'Wua-Wua'),
(3397, 277, 'Abeli'),
(3398, 277, 'Nambo'),
(3399, 278, 'Botumoito'),
(3400, 278, 'Dulupi'),
(3401, 278, 'Mananggu'),
(3402, 278, 'Paguyaman'),
(3403, 278, 'Paguyaman Pantai'),
(3404, 278, 'Tilamuta'),
(3405, 278, 'Wonosari'),
(3406, 279, 'Bone'),
(3407, 279, 'Bone Raya'),
(3408, 279, 'Bonepantai'),
(3409, 279, 'Botupingge'),
(3410, 279, 'Bulango Selatan'),
(3411, 279, 'Bulango Timur'),
(3412, 279, 'Bulango Ulu'),
(3413, 279, 'Bulango Utara'),
(3414, 279, 'Bulawa'),
(3415, 279, 'Kabila'),
(3416, 279, 'Kabila Bone'),
(3417, 279, 'Pinogu'),
(3418, 279, 'Suwawa'),
(3419, 279, 'Suwawa Selatan'),
(3420, 279, 'Suwawa Tengah'),
(3421, 279, 'Suwawa Timur'),
(3422, 279, 'Tapa'),
(3423, 279, 'Tilongkabila'),
(3424, 280, 'Asparaga'),
(3425, 280, 'Batudaa'),
(3426, 280, 'Batudaa Pantai'),
(3427, 280, 'Bilato'),
(3428, 280, 'Biluhu'),
(3429, 280, 'Boliyohuto'),
(3430, 280, 'Bongomeme'),
(3431, 280, 'Dungaliyo'),
(3432, 280, 'Limboto'),
(3433, 280, 'Limboto Barat'),
(3434, 280, 'Mootilango'),
(3435, 280, 'Pulubala'),
(3436, 280, 'Tabongo'),
(3437, 280, 'Talaga Jaya'),
(3438, 280, 'Telaga'),
(3439, 280, 'Telaga Biru'),
(3440, 280, 'Tibawa'),
(3441, 280, 'Tilango'),
(3442, 280, 'Tolangohula'),
(3454, 278, 'Botumoito'),
(3455, 278, 'Dulupi'),
(3456, 278, 'Mananggu'),
(3457, 278, 'Paguyaman'),
(3458, 278, 'Paguyaman Pantai'),
(3459, 278, 'Tilamuta'),
(3460, 278, 'Wonosari'),
(3461, 279, 'Bone'),
(3462, 279, 'Bone Raya'),
(3463, 279, 'Bonepantai'),
(3464, 279, 'Botupingge'),
(3465, 279, 'Bulango Selatan'),
(3466, 279, 'Bulango Timur'),
(3467, 279, 'Bulango Ulu'),
(3468, 279, 'Bulango Utara'),
(3469, 279, 'Bulawa'),
(3470, 279, 'Kabila'),
(3471, 279, 'Kabila Bone'),
(3472, 279, 'Pinogu'),
(3473, 279, 'Suwawa'),
(3474, 279, 'Suwawa Selatan'),
(3475, 279, 'Suwawa Tengah'),
(3476, 279, 'Suwawa Timur'),
(3477, 279, 'Tapa'),
(3478, 279, 'Tilongkabila'),
(3479, 280, 'Asparaga'),
(3480, 280, 'Batudaa'),
(3481, 280, 'Batudaa Pantai'),
(3482, 280, 'Bilato'),
(3483, 280, 'Biluhu'),
(3484, 280, 'Boliyohuto'),
(3485, 280, 'Bongomeme'),
(3486, 280, 'Dungaliyo'),
(3487, 280, 'Limboto'),
(3488, 280, 'Limboto Barat'),
(3489, 280, 'Mootilango'),
(3490, 280, 'Pulubala'),
(3491, 280, 'Tabongo'),
(3492, 280, 'Talaga Jaya'),
(3493, 280, 'Telaga'),
(3494, 280, 'Telaga Biru'),
(3495, 280, 'Tibawa'),
(3496, 280, 'Tilango'),
(3497, 280, 'Tolangohula'),
(3509, 281, 'Anggrek'),
(3510, 281, 'Atinggola'),
(3511, 281, 'Biau'),
(3512, 281, 'Gentuma Raya'),
(3513, 281, 'Kwandang'),
(3514, 281, 'Monano'),
(3515, 281, 'Ponelo Kepulauan'),
(3516, 281, 'Sumalata'),
(3517, 281, 'Sumalata Timur'),
(3518, 281, 'Tolinggula'),
(3519, 281, 'Tomilito'),
(3520, 282, 'Buntulia'),
(3521, 282, 'Dengilo'),
(3522, 282, 'Duhiadaa'),
(3523, 282, 'Lemito'),
(3524, 282, 'Marisa'),
(3525, 282, 'Paguat'),
(3526, 282, 'Patilanggio'),
(3527, 282, 'Popayato'),
(3528, 282, 'Popayato Barat'),
(3529, 282, 'Popayato Timur'),
(3530, 282, 'Randangan'),
(3531, 282, 'Taluditi'),
(3532, 282, 'Wanggarasi'),
(3533, 283, 'Dumbo Raya'),
(3534, 283, 'Dungingi'),
(3535, 283, 'Hulonthalangi'),
(3536, 283, 'Kota Barat'),
(3537, 283, 'Kota Selatan'),
(3538, 283, 'Kota Tengah'),
(3539, 283, 'Kota Timur'),
(3540, 283, 'Kota Utara'),
(3541, 283, 'Sipatana'),
(3542, 284, 'Banggae'),
(3543, 284, 'Banggae Timur'),
(3544, 284, 'Malunda'),
(3545, 284, 'Pamboang'),
(3546, 284, 'Sendana'),
(3547, 284, 'Tammerodo Sendana'),
(3548, 284, 'Tubo Sendana'),
(3549, 284, 'Ulumanda'),
(3550, 285, 'Aralle'),
(3551, 285, 'Balla'),
(3552, 285, 'Bambang'),
(3553, 285, 'Buntu Malangka'),
(3554, 285, 'Mamasa'),
(3555, 285, 'Mambi'),
(3556, 285, 'Mehalaan'),
(3557, 285, 'Messawa'),
(3558, 285, 'Nosu'),
(3559, 285, 'Pana'),
(3560, 285, 'Rantebulahan Timur'),
(3561, 285, 'Sesenapadang'),
(3562, 285, 'Sumarorong'),
(3563, 285, 'Tabang'),
(3564, 285, 'Tabulahan'),
(3565, 285, 'Tanduk Kalua'),
(3566, 285, 'Tawalian'),
(3567, 286, 'Bonehau'),
(3568, 286, 'Kalukku'),
(3569, 286, 'Kalumpang'),
(3570, 286, 'Kepulauan Balabalakang'),
(3571, 286, 'Mamuju'),
(3572, 286, 'Papalang'),
(3573, 286, 'Sampaga'),
(3574, 286, 'Simboro dan Kepulauan'),
(3575, 286, 'Tapalang'),
(3576, 286, 'Tapalang Barat'),
(3577, 286, 'Tommo'),
(3578, 287, 'Budong-Budong'),
(3579, 287, 'Karossa'),
(3580, 287, 'Pangale'),
(3581, 287, 'Tobadak'),
(3582, 287, 'Topoyo'),
(3583, 288, 'Bambaira'),
(3584, 288, 'Bambalamotu'),
(3585, 288, 'Baras'),
(3586, 288, 'Bulu Taba'),
(3587, 288, 'Dapurang'),
(3588, 288, 'Duripoku'),
(3589, 288, 'Lariang'),
(3590, 288, 'Pasangkayu'),
(3591, 288, 'Pedongga'),
(3592, 288, 'Sarjo'),
(3593, 288, 'Sarudu'),
(3594, 288, 'Tikke Raya');

-- --------------------------------------------------------

--
-- Table structure for table `kota`
--

CREATE TABLE `kota` (
  `id_kota` int(11) NOT NULL,
  `id_provinsi` int(11) DEFAULT NULL,
  `nama_kota` varchar(100) NOT NULL
) ENGINE=InnoDB DEFAULT CHARSET=utf8mb4 COLLATE=utf8mb4_general_ci;

--
-- Dumping data for table `kota`
--

INSERT INTO `kota` (`id_kota`, `id_provinsi`, `nama_kota`) VALUES
(1, 1, 'Kabupaten Aceh Barat'),
(2, 1, 'Aceh Barat Daya'),
(3, 1, 'Aceh Besar'),
(4, 1, 'Aceh Jaya'),
(5, 1, 'Aceh Selatan'),
(6, 1, 'Aceh Singkil'),
(7, 1, 'Aceh Tamiang'),
(8, 1, 'Aceh Tengah'),
(9, 1, 'Aceh Tenggara'),
(10, 1, 'Aceh Timur'),
(11, 1, 'Aceh Utara'),
(12, 1, 'Bener Meriah'),
(13, 1, 'Bireuen'),
(14, 1, 'Gayo Lues'),
(15, 1, 'Nagan Raya'),
(16, 1, 'Pidie'),
(17, 1, 'Pidie Jaya'),
(18, 1, 'Simeulue'),
(19, 1, 'Banda Aceh'),
(20, 1, 'Langsa'),
(21, 1, 'Lhokseumawe'),
(22, 1, 'Sabang'),
(23, 1, 'Subulussalam'),
(24, 2, 'Kab. Asahan'),
(25, 2, 'Kab. Batu Bara'),
(26, 2, 'Kab. Dairi'),
(27, 2, 'Kab. Deli Serdang'),
(28, 2, 'Kab. Humbang Hasundutan'),
(29, 2, 'Kab. Karo'),
(30, 2, 'Kab. Labuhanbatu'),
(31, 2, 'Kab. Labuhanbatu Selatan'),
(32, 2, 'Kab. Labuhanbatu Utara'),
(33, 2, 'Kab. Langkat'),
(34, 2, 'Kab. Mandailing Natal'),
(35, 2, 'Kab. Nias'),
(36, 2, 'Kab. Nias Barat'),
(37, 2, 'Kab. Nias Selatan'),
(38, 2, 'Kab. Nias Utara'),
(39, 2, 'Kab. Padang Lawas'),
(40, 2, 'Kab. Padang Lawas Utara'),
(41, 2, 'Kab. Pakpak Bharat'),
(42, 2, 'Kab. Samosir'),
(43, 2, 'Kab. Serdang Bedagai'),
(44, 2, 'Kab. Simalungun'),
(45, 2, 'Kab. Tapanuli Selatan'),
(46, 2, 'Kab. Tapanuli Tengah'),
(47, 2, 'Kab. Tapanuli Utara'),
(48, 2, 'Kab. Toba'),
(49, 2, 'Kota Binjai'),
(50, 2, 'Kota Gunungsitoli'),
(51, 2, 'Kota Medan'),
(52, 2, 'Kota Padangsidimpuan'),
(53, 2, 'Kota Pematangsiantar'),
(54, 2, 'Kota Sibolga'),
(55, 2, 'Kota Tanjungbalai'),
(56, 2, 'Kota Tebing Tinggi'),
(57, 3, 'Kab. Agam'),
(58, 3, 'Kab. Dharmasraya'),
(59, 3, 'Kab. Kepulauan Mentawai'),
(60, 3, 'Kab. Lima Puluh Kota'),
(61, 3, 'Kab. Padang Pariaman'),
(62, 3, 'Kab. Pasaman'),
(63, 3, 'Kab. Pasaman Barat'),
(64, 3, 'Kab. Pesisir Selatan'),
(65, 3, 'Kab. Sijunjung'),
(66, 3, 'Kab. Solok'),
(67, 3, 'Kab. Solok Selatan'),
(68, 3, 'Kab. Tanah Datar'),
(69, 3, 'Kota Bukittinggi'),
(70, 3, 'Kota Padang'),
(71, 3, 'Kota Padang Panjang'),
(72, 3, 'Kota Pariaman'),
(73, 3, 'Kota Payakumbuh'),
(74, 3, 'Kota Sawahlunto'),
(75, 3, 'Kota Solok'),
(76, 4, 'Kab. Bengkalis'),
(77, 4, 'Kab. Indragiri Hilir'),
(78, 4, 'Kab. Indragiri Hulu'),
(79, 4, 'Kab. Kampar'),
(80, 4, 'Kab. Kepulauan Meranti'),
(81, 4, 'Kab. Kuantan Singingi'),
(82, 4, 'Kab. Pelalawan'),
(83, 4, 'Kab. Rokan Hilir'),
(84, 4, 'Kab. Rokan Hulu'),
(85, 4, 'Kab. Siak'),
(86, 4, 'Kota Dumai'),
(87, 4, 'Kota Pekanbaru'),
(88, 5, 'Kab. Bintan'),
(89, 5, 'Kab. Karimun'),
(90, 5, 'Kab. Kepulauan Anambas'),
(91, 5, 'Kab. Lingga'),
(92, 5, 'Kab. Natuna'),
(93, 5, 'Kota Batam'),
(94, 5, 'Kota Tanjungpinang'),
(95, 6, 'Kab. Batanghari'),
(96, 6, 'Kab. Bungo'),
(97, 6, 'Kab. Kerinci'),
(98, 6, 'Kab. Merangin'),
(99, 6, 'Kab. Muaro Jambi'),
(100, 6, 'Kab. Sarolangun'),
(101, 6, 'Kab. Tanjung Jabung Barat'),
(102, 6, 'Kab. Tanjung Jabung Timur'),
(103, 6, 'Kab. Tebo'),
(104, 6, 'Kota Jambi'),
(105, 6, 'Kota Sungai Penuh'),
(106, 7, 'Kab. Banyuasin'),
(107, 7, 'Kab. Empat Lawang'),
(108, 7, 'Kab. Lahat'),
(109, 7, 'Kab. Muara Enim'),
(110, 7, 'Kab. Musi Banyuasin'),
(111, 7, 'Kab. Musi Rawas'),
(112, 7, 'Kab. Musi Rawas Utara'),
(113, 7, 'Kab. Ogan Ilir'),
(114, 7, 'Kab. Ogan Komering Ilir'),
(115, 7, 'Kab. Ogan Komering Ulu'),
(116, 7, 'Kab. Ogan Komering Ulu Selatan'),
(117, 7, 'Kab. Ogan Komering Ulu Timur'),
(118, 7, 'Kota Lubuklinggau'),
(119, 7, 'Kota Pagar Alam'),
(120, 7, 'Kota Palembang'),
(121, 7, 'Kota Prabumulih'),
(122, 8, 'Kab. Bengkulu Selatan'),
(123, 8, 'Kab. Bengkulu Tengah'),
(124, 8, 'Kab. Bengkulu Utara'),
(125, 8, 'Kab. Kaur'),
(126, 8, 'Kab. Kepahiang'),
(127, 8, 'Kab. Lebong'),
(128, 8, 'Kab. Mukomuko'),
(129, 8, 'Kab. Rejang Lebong'),
(130, 8, 'Kab. Seluma'),
(131, 8, 'Kota Bengkulu'),
(132, 9, 'Kab. Lampung Barat'),
(133, 9, 'Kab. Lampung Selatan'),
(134, 9, 'Kab. Lampung Tengah'),
(135, 9, 'Kab. Lampung Timur'),
(136, 9, 'Kab. Lampung Utara'),
(137, 9, 'Kab. Mesuji'),
(138, 9, 'Kab. Pesawaran'),
(139, 9, 'Kab. Pesisir Barat'),
(140, 9, 'Kab. Pringsewu'),
(141, 9, 'Kab. Tanggamus'),
(142, 9, 'Kab. Tulang Bawang'),
(143, 9, 'Kab. Tulang Bawang Barat'),
(144, 9, 'Kab. Way Kanan'),
(145, 9, 'Kota Bandar Lampung'),
(146, 9, 'Kota Metro'),
(147, 10, 'Kab. Bangka'),
(148, 10, 'Kab. Bangka Barat'),
(149, 10, 'Kab. Bangka Selatan'),
(150, 10, 'Kab. Bangka Tengah'),
(151, 10, 'Kab. Belitung'),
(152, 10, 'Kab. Belitung Timur'),
(153, 10, 'Kota Pangkalpinang'),
(154, 11, 'Kab. Bengkayang'),
(155, 11, 'Kab. Kapuas Hulu'),
(156, 11, 'Kab. Kayong Utara'),
(157, 11, 'Kab. Ketapang'),
(158, 11, 'Kab. Kubu Raya'),
(159, 11, 'Kab. Landak'),
(160, 11, 'Kab. Melawi'),
(161, 11, 'Kab. Mempawah'),
(162, 11, 'Kab. Sambas'),
(163, 11, 'Kab. Sanggau'),
(164, 11, 'Kab. Sekadau'),
(165, 11, 'Kab. Sintang'),
(166, 11, 'Kota Pontianak'),
(167, 11, 'Kota Singkawang'),
(168, 12, 'Kab. Barito Selatan'),
(169, 12, 'Kab. Barito Timur'),
(170, 12, 'Kab. Barito Utara'),
(171, 12, 'Kab. Gunung Mas'),
(172, 12, 'Kab. Kapuas'),
(173, 12, 'Kab. Katingan'),
(174, 12, 'Kab. Kotawaringin Barat'),
(175, 12, 'Kab. Kotawaringin Timur'),
(176, 12, 'Kab. Lamandau'),
(177, 12, 'Kab. Murung Raya'),
(178, 12, 'Kab. Pulang Pisau'),
(179, 12, 'Kab. Seruyan'),
(180, 12, 'Kab. Sukamara'),
(181, 12, 'Kota Palangka Raya'),
(182, 13, 'Kab. Balangan'),
(183, 13, 'Kab. Banjar'),
(184, 13, 'Kab. Barito Kuala'),
(185, 13, 'Kab. Hulu Sungai Selatan'),
(186, 13, 'Kab. Hulu Sungai Tengah'),
(187, 13, 'Kab. Hulu Sungai Utara'),
(188, 13, 'Kab. Kotabaru'),
(189, 13, 'Kab. Tabalong'),
(190, 13, 'Kab. Tanah Bumbu'),
(191, 13, 'Kab. Tanah Laut'),
(192, 13, 'Kab. Tapin'),
(193, 13, 'Kota Banjarbaru'),
(194, 13, 'Kota Banjarmasin'),
(195, 14, 'Kab. Berau'),
(196, 14, 'Kab. Kutai Barat'),
(197, 14, 'Kab. Kutai Kartanegara'),
(198, 14, 'Kab. Kutai Timur'),
(199, 14, 'Kab. Mahakam Ulu'),
(200, 14, 'Kota Balikpapan'),
(201, 14, 'Kota Bontang'),
(202, 14, 'Kota Samarinda'),
(203, 14, 'Ibu Kota Nusantara (IKN)'),
(204, 15, 'Kab. Bulungan'),
(205, 15, 'Kab. Malinau'),
(206, 15, 'Kab. Nunukan'),
(207, 15, 'Kab. Tana Tidung'),
(208, 15, 'Kota Tarakan'),
(209, 16, 'Kab. Bolaang Mongondow'),
(210, 16, 'Kab. Bolaang Mongondow Selatan'),
(211, 16, 'Kab. Bolaang Mongondow Timur'),
(212, 16, 'Kab. Bolaang Mongondow Utara'),
(213, 16, 'Kab. Kepulauan Sangihe'),
(214, 16, 'Kab. Kepulauan Siau Tagulandang Biaro'),
(215, 16, 'Kab. Kepulauan Talaud'),
(216, 16, 'Kab. Minahasa'),
(217, 16, 'Kab. Minahasa Selatan'),
(218, 16, 'Kab. Minahasa Tenggara'),
(219, 16, 'Kab. Minahasa Utara'),
(220, 16, 'Kota Bitung'),
(221, 16, 'Kota Kotamobagu'),
(222, 16, 'Kota Manado'),
(223, 16, 'Kota Tomohon'),
(224, 17, 'Kab. Banggai'),
(225, 17, 'Kab. Banggai Kepulauan'),
(226, 17, 'Kab. Banggai Laut'),
(227, 17, 'Kab. Buol'),
(228, 17, 'Kab. Donggala'),
(229, 17, 'Kab. Morowali'),
(230, 17, 'Kab. Morowali Utara'),
(231, 17, 'Kab. Parigi Moutong'),
(232, 17, 'Kab. Poso'),
(233, 17, 'Kab. Sigi'),
(234, 17, 'Kab. Tojo Una-Una'),
(235, 17, 'Kab. Tolitoli'),
(236, 17, 'Kota Palu'),
(237, 18, 'Kab. Bantaeng'),
(238, 18, 'Kab. Barru'),
(239, 18, 'Kab. Bone'),
(240, 18, 'Kab. Bulukumba'),
(241, 18, 'Kab. Enrekang'),
(242, 18, 'Kab. Gowa'),
(243, 18, 'Kab. Jeneponto'),
(244, 18, 'Kab. Kepulauan Selayar'),
(245, 18, 'Kab. Luwu'),
(246, 18, 'Kab. Luwu Timur'),
(247, 18, 'Kab. Luwu Utara'),
(248, 18, 'Kab. Maros'),
(249, 18, 'Kab. Pangkajene dan Kepulauan'),
(250, 18, 'Kab. Pinrang'),
(251, 18, 'Kab. Sidenreng Rappang'),
(252, 18, 'Kab. Sinjai'),
(253, 18, 'Kab. Soppeng'),
(254, 18, 'Kab. Takalar'),
(255, 18, 'Kab. Tana Toraja'),
(256, 18, 'Kab. Toraja Utara'),
(257, 18, 'Kab. Wajo'),
(258, 18, 'Kota Makassar'),
(259, 18, 'Kota Palopo'),
(260, 18, 'Kota Parepare'),
(261, 19, 'Kab. Bombana'),
(262, 19, 'Kab. Buton'),
(263, 19, 'Kab. Buton Selatan'),
(264, 19, 'Kab. Buton Tengah'),
(265, 19, 'Kab. Buton Utara'),
(266, 19, 'Kab. Kolaka'),
(267, 19, 'Kab. Kolaka Timur'),
(268, 19, 'Kab. Kolaka Utara'),
(269, 19, 'Kab. Konawe'),
(270, 19, 'Kab. Konawe Kepulauan'),
(271, 19, 'Kab. Konawe Selatan'),
(272, 19, 'Kab. Konawe Utara'),
(273, 19, 'Kab. Muna'),
(274, 19, 'Kab. Muna Barat'),
(275, 19, 'Kab. Wakatobi'),
(276, 19, 'Kota Baubau'),
(277, 19, 'Kota Kendari'),
(278, 20, 'Kab. Boalemo'),
(279, 20, 'Kab. Bone Bolango'),
(280, 20, 'Kab. Gorontalo'),
(281, 20, 'Kab. Gorontalo Utara'),
(282, 20, 'Kab. Pohuwato'),
(283, 20, 'Kota Gorontalo'),
(284, 21, 'Kab. Majene'),
(285, 21, 'Kab. Mamasa'),
(286, 21, 'Kab. Mamuju'),
(287, 21, 'Kab. Mamuju Tengah'),
(288, 21, 'Kab. Pasangkayu');

-- --------------------------------------------------------

--
-- Table structure for table `layanan`
--

CREATE TABLE `layanan` (
  `id_layanan` int(11) NOT NULL,
  `id_ekspedisi` int(11) DEFAULT NULL,
  `nama_layanan` varchar(100) NOT NULL,
  `estimasi_hari` varchar(20) DEFAULT NULL
) ENGINE=InnoDB DEFAULT CHARSET=utf8mb4 COLLATE=utf8mb4_general_ci;

--
-- Dumping data for table `layanan`
--

INSERT INTO `layanan` (`id_layanan`, `id_ekspedisi`, `nama_layanan`, `estimasi_hari`) VALUES
(1, 2, 'EZ', '2 - 7 Hari'),
(2, 2, 'HBO', '2 - 7 Hari'),
(3, 2, 'JND', '1 Hari'),
(4, 2, 'ECO', '7 - 17 Hari'),
(5, 2, 'Super', '1 - 3 Hari'),
(6, 2, 'DOC', '2 - 7 Hari'),
(7, 1, 'JAGOPACK', '2 - 7 Hari'),
(8, 1, 'REGPACK', '2 - 3 Hari'),
(9, 1, 'BOSSPACK', '1 Hari'),
(10, 1, 'BIGPACK', '6 - 9 Hari');

-- --------------------------------------------------------

--
-- Table structure for table `provinsi`
--

CREATE TABLE `provinsi` (
  `id_provinsi` int(11) NOT NULL,
  `nama_provinsi` varchar(100) NOT NULL
) ENGINE=InnoDB DEFAULT CHARSET=utf8mb4 COLLATE=utf8mb4_general_ci;

--
-- Dumping data for table `provinsi`
--

INSERT INTO `provinsi` (`id_provinsi`, `nama_provinsi`) VALUES
(1, 'Aceh'),
(2, 'Sumatera Utara'),
(3, 'Sumatera Barat'),
(4, 'Riau'),
(5, 'Kepulauan Riau'),
(6, 'Jambi'),
(7, 'Sumatera Selatan'),
(8, 'Bengkulu'),
(9, 'Lampung'),
(10, 'Bangka Belitung'),
(11, 'Kalimantan Barat'),
(12, 'Kalimantan Tengah'),
(13, 'Kalimantan Selatan'),
(14, 'Kalimantan Timur'),
(15, 'Kalimantan Utara'),
(16, 'Sulawesi Utara'),
(17, 'Sulawesi Tengah'),
(18, 'Sulawesi Selatan'),
(19, 'Sulawesi Tenggara'),
(20, 'Gorontalo'),
(21, 'Sulawesi Barat');

-- --------------------------------------------------------

--
-- Table structure for table `ranking`
--

CREATE TABLE `ranking` (
  `id` int(11) NOT NULL,
  `alternative_id` int(11) NOT NULL,
  `vi` decimal(10,4) NOT NULL,
  `created_at` timestamp NOT NULL DEFAULT current_timestamp()
) ENGINE=InnoDB DEFAULT CHARSET=utf8mb4 COLLATE=utf8mb4_general_ci;

--
-- Dumping data for table `ranking`
--

INSERT INTO `ranking` (`id`, `alternative_id`, `vi`, `created_at`) VALUES
(68, 1, 0.5259, '2025-06-25 07:31:20'),
(69, 2, 0.5795, '2025-06-25 07:31:20'),
(70, 3, 0.5132, '2025-06-25 07:31:20'),
(71, 4, 0.7817, '2025-06-25 07:31:20'),
(72, 5, 0.7801, '2025-06-25 07:31:20'),
(73, 7, 0.4886, '2025-06-25 07:31:20');

-- --------------------------------------------------------

--
-- Table structure for table `results`
--

CREATE TABLE `results` (
  `id` int(11) NOT NULL,
  `alternative_id` int(11) NOT NULL,
  `preference_value` decimal(10,4) NOT NULL,
  `ranking` int(11) DEFAULT NULL,
  `created_at` timestamp NOT NULL DEFAULT current_timestamp()
) ENGINE=InnoDB DEFAULT CHARSET=utf8mb4 COLLATE=utf8mb4_general_ci;

-- --------------------------------------------------------

--
-- Table structure for table `scores`
--

CREATE TABLE `scores` (
  `id` int(11) NOT NULL,
  `alternative_id` int(11) NOT NULL,
  `criterion_id` int(11) NOT NULL,
  `score` decimal(10,2) DEFAULT NULL,
  `sub_criterion_id` int(11) DEFAULT NULL
) ENGINE=InnoDB DEFAULT CHARSET=utf8mb4 COLLATE=utf8mb4_general_ci;

-- --------------------------------------------------------

--
-- Table structure for table `sub_criteria`
--

CREATE TABLE `sub_criteria` (
  `id` int(11) NOT NULL,
  `criterion_id` int(11) NOT NULL,
  `name` varchar(100) NOT NULL,
  `value` decimal(5,2) NOT NULL
) ENGINE=InnoDB DEFAULT CHARSET=utf8mb4 COLLATE=utf8mb4_general_ci;

-- --------------------------------------------------------

--
-- Table structure for table `users`
--

CREATE TABLE `users` (
  `id` int(11) NOT NULL,
  `username` varchar(100) NOT NULL,
  `password` varchar(255) NOT NULL,
  `role` enum('admin') DEFAULT 'admin',
  `created_at` timestamp NOT NULL DEFAULT current_timestamp()
) ENGINE=InnoDB DEFAULT CHARSET=utf8mb4 COLLATE=utf8mb4_general_ci;

--
-- Dumping data for table `users`
--

INSERT INTO `users` (`id`, `username`, `password`, `role`, `created_at`) VALUES
(2, 'admin', '$2y$10$n.dVgcS2fAYoD8QYWhCUTO1WS7nEZM0JIZAh96ek/llC66et54upa', 'admin', '2025-06-19 08:54:46'),
(3, 'test', '$2y$10$nQc5KYOc6ntCbSdi2BsxPeU8koQoAUgi3BJcMdTF/gkVqVup7E1Zi', 'admin', '2025-06-19 10:35:05');

--
-- Indexes for dumped tables
--

--
-- Indexes for table `alternatives`
--
ALTER TABLE `alternatives`
  ADD PRIMARY KEY (`id`),
  ADD UNIQUE KEY `code` (`code`);

--
-- Indexes for table `criteria`
--
ALTER TABLE `criteria`
  ADD PRIMARY KEY (`id`),
  ADD UNIQUE KEY `code` (`code`);

--
-- Indexes for table `ekspedisi`
--
ALTER TABLE `ekspedisi`
  ADD PRIMARY KEY (`id_ekspedisi`);

--
-- Indexes for table `harga_pengiriman`
--
ALTER TABLE `harga_pengiriman`
  ADD PRIMARY KEY (`id_harga`),
  ADD KEY `id_kecamatan` (`id_kecamatan`),
  ADD KEY `id_layanan` (`id_layanan`);

--
-- Indexes for table `kecamatan`
--
ALTER TABLE `kecamatan`
  ADD PRIMARY KEY (`id_kecamatan`),
  ADD KEY `fk_kecamatan_kota` (`id_kota`);

--
-- Indexes for table `kota`
--
ALTER TABLE `kota`
  ADD PRIMARY KEY (`id_kota`),
  ADD KEY `fk_kota_provinsi` (`id_provinsi`);

--
-- Indexes for table `layanan`
--
ALTER TABLE `layanan`
  ADD PRIMARY KEY (`id_layanan`),
  ADD KEY `id_ekspedisi` (`id_ekspedisi`);

--
-- Indexes for table `provinsi`
--
ALTER TABLE `provinsi`
  ADD PRIMARY KEY (`id_provinsi`);

--
-- Indexes for table `ranking`
--
ALTER TABLE `ranking`
  ADD PRIMARY KEY (`id`),
  ADD KEY `alternative_id` (`alternative_id`);

--
-- Indexes for table `results`
--
ALTER TABLE `results`
  ADD PRIMARY KEY (`id`),
  ADD KEY `alternative_id` (`alternative_id`);

--
-- Indexes for table `scores`
--
ALTER TABLE `scores`
  ADD PRIMARY KEY (`id`),
  ADD KEY `alternative_id` (`alternative_id`),
  ADD KEY `criterion_id` (`criterion_id`),
  ADD KEY `sub_criterion_id` (`sub_criterion_id`);

--
-- Indexes for table `sub_criteria`
--
ALTER TABLE `sub_criteria`
  ADD PRIMARY KEY (`id`),
  ADD KEY `criterion_id` (`criterion_id`);

--
-- Indexes for table `users`
--
ALTER TABLE `users`
  ADD PRIMARY KEY (`id`),
  ADD UNIQUE KEY `username` (`username`);

--
-- AUTO_INCREMENT for dumped tables
--

--
-- AUTO_INCREMENT for table `alternatives`
--
ALTER TABLE `alternatives`
  MODIFY `id` int(11) NOT NULL AUTO_INCREMENT, AUTO_INCREMENT=8;

--
-- AUTO_INCREMENT for table `criteria`
--
ALTER TABLE `criteria`
  MODIFY `id` int(11) NOT NULL AUTO_INCREMENT, AUTO_INCREMENT=6;

--
-- AUTO_INCREMENT for table `ekspedisi`
--
ALTER TABLE `ekspedisi`
  MODIFY `id_ekspedisi` int(11) NOT NULL AUTO_INCREMENT, AUTO_INCREMENT=3;

--
-- AUTO_INCREMENT for table `harga_pengiriman`
--
ALTER TABLE `harga_pengiriman`
  MODIFY `id_harga` int(11) NOT NULL AUTO_INCREMENT, AUTO_INCREMENT=2087;

--
-- AUTO_INCREMENT for table `kecamatan`
--
ALTER TABLE `kecamatan`
  MODIFY `id_kecamatan` int(11) NOT NULL AUTO_INCREMENT, AUTO_INCREMENT=3595;

--
-- AUTO_INCREMENT for table `kota`
--
ALTER TABLE `kota`
  MODIFY `id_kota` int(11) NOT NULL AUTO_INCREMENT, AUTO_INCREMENT=289;

--
-- AUTO_INCREMENT for table `layanan`
--
ALTER TABLE `layanan`
  MODIFY `id_layanan` int(11) NOT NULL AUTO_INCREMENT, AUTO_INCREMENT=11;

--
-- AUTO_INCREMENT for table `provinsi`
--
ALTER TABLE `provinsi`
  MODIFY `id_provinsi` int(11) NOT NULL AUTO_INCREMENT, AUTO_INCREMENT=22;

--
-- AUTO_INCREMENT for table `ranking`
--
ALTER TABLE `ranking`
  MODIFY `id` int(11) NOT NULL AUTO_INCREMENT, AUTO_INCREMENT=74;

--
-- AUTO_INCREMENT for table `results`
--
ALTER TABLE `results`
  MODIFY `id` int(11) NOT NULL AUTO_INCREMENT, AUTO_INCREMENT=13;

--
-- AUTO_INCREMENT for table `scores`
--
ALTER TABLE `scores`
  MODIFY `id` int(11) NOT NULL AUTO_INCREMENT, AUTO_INCREMENT=31;

--
-- AUTO_INCREMENT for table `sub_criteria`
--
ALTER TABLE `sub_criteria`
  MODIFY `id` int(11) NOT NULL AUTO_INCREMENT, AUTO_INCREMENT=11;

--
-- AUTO_INCREMENT for table `users`
--
ALTER TABLE `users`
  MODIFY `id` int(11) NOT NULL AUTO_INCREMENT, AUTO_INCREMENT=4;

--
-- Constraints for dumped tables
--

--
-- Constraints for table `harga_pengiriman`
--
ALTER TABLE `harga_pengiriman`
  ADD CONSTRAINT `harga_pengiriman_ibfk_1` FOREIGN KEY (`id_kecamatan`) REFERENCES `kecamatan` (`id_kecamatan`),
  ADD CONSTRAINT `harga_pengiriman_ibfk_2` FOREIGN KEY (`id_layanan`) REFERENCES `layanan` (`id_layanan`);

--
-- Constraints for table `kecamatan`
--
ALTER TABLE `kecamatan`
  ADD CONSTRAINT `fk_kecamatan_kota` FOREIGN KEY (`id_kota`) REFERENCES `kota` (`id_kota`);

--
-- Constraints for table `kota`
--
ALTER TABLE `kota`
  ADD CONSTRAINT `fk_kota_provinsi` FOREIGN KEY (`id_provinsi`) REFERENCES `provinsi` (`id_provinsi`);

--
-- Constraints for table `layanan`
--
ALTER TABLE `layanan`
  ADD CONSTRAINT `layanan_ibfk_1` FOREIGN KEY (`id_ekspedisi`) REFERENCES `ekspedisi` (`id_ekspedisi`);

--
-- Constraints for table `ranking`
--
ALTER TABLE `ranking`
  ADD CONSTRAINT `ranking_ibfk_1` FOREIGN KEY (`alternative_id`) REFERENCES `alternatives` (`id`) ON DELETE CASCADE;

--
-- Constraints for table `results`
--
ALTER TABLE `results`
  ADD CONSTRAINT `results_ibfk_1` FOREIGN KEY (`alternative_id`) REFERENCES `alternatives` (`id`) ON DELETE CASCADE;

--
-- Constraints for table `scores`
--
ALTER TABLE `scores`
  ADD CONSTRAINT `scores_ibfk_1` FOREIGN KEY (`alternative_id`) REFERENCES `alternatives` (`id`) ON DELETE CASCADE,
  ADD CONSTRAINT `scores_ibfk_2` FOREIGN KEY (`criterion_id`) REFERENCES `criteria` (`id`) ON DELETE CASCADE,
  ADD CONSTRAINT `scores_ibfk_3` FOREIGN KEY (`sub_criterion_id`) REFERENCES `sub_criteria` (`id`) ON DELETE SET NULL;

--
-- Constraints for table `sub_criteria`
--
ALTER TABLE `sub_criteria`
  ADD CONSTRAINT `sub_criteria_ibfk_1` FOREIGN KEY (`criterion_id`) REFERENCES `criteria` (`id`) ON DELETE CASCADE;
COMMIT;

/*!40101 SET CHARACTER_SET_CLIENT=@OLD_CHARACTER_SET_CLIENT */;
/*!40101 SET CHARACTER_SET_RESULTS=@OLD_CHARACTER_SET_RESULTS */;
/*!40101 SET COLLATION_CONNECTION=@OLD_COLLATION_CONNECTION */;
